Phase,Work Package,Task Description,Resource Type,Estimated Hours,Rate,Cost Estimate,Dependencies,Risk Level,Notes
Discovery,Cloud Requirements Gathering,Conduct stakeholder interviews for cloud migration/infrastructure,EO Engineer,40,$150,"=TEXT(E2*F2,""$#,##0"")",,Medium,Focus on scalability performance and business objectives
Discovery,Infrastructure Assessment,Analyze current infrastructure workloads and dependencies,EO Engineer,32,$200,"=TEXT(E3*F3,""$#,##0"")",,Medium,Include application dependencies and performance baselines
Discovery,AWS Services Assessment,Evaluate target AWS services and architecture patterns,EO Engineer,24,$200,"=TEXT(E4*F4,""$#,##0"")",,Medium,Focus on cost optimization and best practices
Discovery,Compliance Review,Assess security governance and compliance requirements,EO Engineer,16,$175,"=TEXT(E5*F5,""$#,##0"")",,Medium,Include industry regulations and data residency
Planning,AWS Architecture Design,Design AWS cloud architecture and migration strategy,EO Engineer,48,$200,"=TEXT(E6*F6,""$#,##0"")",,Medium,Include multi-AZ design and disaster recovery
Planning,Migration Strategy,Develop detailed migration approach and timeline,EO Engineer,32,$180,"=TEXT(E7*F7,""$#,##0"")",,Medium,Include risk assessment and rollback procedures
Planning,Security Architecture,Design AWS security controls and governance framework,EO Engineer,24,$175,"=TEXT(E8*F8,""$#,##0"")",,Medium,Include IAM networking and data protection
Planning,Project Planning,Develop cloud implementation timeline and resource allocation,EO Engineer,24,$140,"=TEXT(E9*F9,""$#,##0"")",,Medium,Coordinate with infrastructure and security teams
Development,AWS Infrastructure Provisioning,Provision AWS services networking and foundational infrastructure,EO Engineer,60,$160,"=TEXT(E10*F10,""$#,##0"")",,Medium,Include VPC subnets security groups and routing
Development,Application Migration,Migrate applications and workloads to AWS,EO Engineer,80,$130,"=TEXT(E11*F11,""$#,##0"")",,Medium,Include application optimization and testing
Development,Data Migration,Migrate databases and data stores to AWS,EO Engineer,48,$145,"=TEXT(E12*F12,""$#,##0"")",,Medium,Include data validation backup and recovery testing
Development,Monitoring and Operations,Implement AWS monitoring logging and operational tools,EO Engineer,40,$140,"=TEXT(E13*F13,""$#,##0"")",,Medium,Include CloudWatch X-Ray and operational dashboards
Development,Automation and IaC,Develop infrastructure automation using CloudFormation/CDK,EO Engineer,32,$125,"=TEXT(E14*F14,""$#,##0"")",,Medium,Include CI/CD pipeline integration
Testing,Unit Testing,Develop automated tests for all solution components,EO Engineer,32,$120,"=TEXT(E15*F15,""$#,##0"")",,Medium,Include technology-specific testing frameworks
Testing,Integration Testing,Test system integrations data flows and external dependencies,EO Engineer,40,$120,"=TEXT(E16*F16,""$#,##0"")",,Medium,Include end-to-end workflow validation
Testing,Performance Testing,Conduct load performance and scalability testing,EO Engineer,24,$140,"=TEXT(E17*F17,""$#,##0"")",,Medium,Include production-like environment and stress testing
Testing,Security Testing,Perform security assessments penetration testing and compliance validation,EO Engineer,16,$175,"=TEXT(E18*F18,""$#,##0"")",,Medium,Include vulnerability scanning and compliance checks
Testing,User Acceptance Testing,Coordinate UAT with business users and stakeholders,EO Engineer,32,$150,"=TEXT(E19*F19,""$#,##0"")",,Medium,Include training feedback collection and sign-off
Deployment,Production Deployment,Deploy solution to production environment with monitoring,EO Engineer,24,$160,"=TEXT(E20*F20,""$#,##0"")",,Medium,Include blue-green deployment rollback and validation
Deployment,Go-Live Support,Provide comprehensive support during initial production rollout,EO Engineer,48,$110,"=TEXT(E21*F21,""$#,##0"")",,Medium,Include 24/7 support monitoring and issue resolution
Training,Administrator Training,Train system administrators and technical support teams,EO Engineer,16,$130,"=TEXT(E22*F22,""$#,##0"")",,Medium,Include hands-on technical training and certification
Training,End User Training,Train business users on solution functionality and workflows,EO Engineer,24,$120,"=TEXT(E23*F23,""$#,##0"")",,Medium,Include role-based training documentation and support
Training,Documentation,Create comprehensive technical and user documentation,EO Engineer,32,$110,"=TEXT(E24*F24,""$#,##0"")",,Medium,Include runbooks troubleshooting guides and best practices
Closeout,Knowledge Transfer,Transfer solution ownership to operations and support teams,EO Engineer,16,$140,"=TEXT(E25*F25,""$#,##0"")",,Medium,Include operational procedures escalation and maintenance
Closeout,Performance Baseline,Establish performance metrics monitoring baselines and SLAs,EO Engineer,8,$130,"=TEXT(E26*F26,""$#,##0"")",,Medium,Include KPI definition monitoring setup and reporting
Management,Technical Leadership,Quarterback technical oversight and architecture review,EO Quarterback,"=ROUND(SUM(E2:E26)*0.25,0)",$180,"=TEXT(E27*F27,""$#,##0"")",,Medium,25% of engineering effort
Management,Project Management,Project coordination and management activities,EO Project Manager,"=ROUND(SUM(E2:E26)*0.20,0)",$150,"=TEXT(E28*F28,""$#,##0"")",,Low,20% of engineering effort
,,,     TOTAL HOURS,1177,   TOTAL COST,"=TEXT(E2*F2+E3*F3+E4*F4+E5*F5+E6*F6+E7*F7+E8*F8+E9*F9+E10*F10+E11*F11+E12*F12+E13*F13+E14*F14+E15*F15+E16*F16+E17*F17+E18*F18+E19*F19+E20*F20+E21*F21+E22*F22+E23*F23+E24*F24+E25*F25+E26*F26+E27*F27+E28*F28,""$#,##0"")",,,Total Onpremise To Cloud Migration project cost estimate
