Category,Item,Current State,Target State,Calculation Method,Annual Benefit,Notes
Volume Metrics,Monthly Document Volume,25000,25000,N/A,N/A,Baseline volume for calculations
Volume Metrics,Average Processing Time (minutes),8,0.5,Time Reduction,N/A,94% reduction in processing time
Volume Metrics,Staff FTEs Dedicated,6,1.2,80% Reduction,N/A,Significant staff reallocation opportunity
Volume Metrics,Current Accuracy Rate,94%,98%+,Accuracy Improvement,N/A,4% improvement reduces rework
Cost Factors,Annual Labor Costs,$420000,$84000,80% Reduction,$336000,Primary savings from automation
Cost Factors,Error Correction Costs,$65000,$13000,80% Reduction,$52000,Reduced rework and validation costs
Cost Factors,Technology Infrastructure,$45000,$50000,Slight Increase,-$5000,Cloud services vs on-premise
Cost Factors,Compliance Audit Costs,$25000,$5000,80% Reduction,$20000,Automated audit trails
New Technology Costs,Azure AI Services,N/A,$120000,New Cost,-$120000,Form Recognizer and supporting services
New Technology Costs,Platform Integration,N/A,$25000,New Cost,-$25000,Annual maintenance and support
New Technology Costs,Training and Change Mgmt,N/A,$10000,New Cost,-$10000,Ongoing training and support
Net Benefits,Total Current Costs,$555000,N/A,Baseline,N/A,Current annual processing costs
Net Benefits,Total New Costs,N/A,$303000,New Technology,N/A,Technology and operational costs
Net Benefits,Gross Annual Savings,N/A,$408000,Cost Reduction,N/A,Total savings from automation
Net Benefits,Net Annual Benefit,N/A,$252000,Net Savings,$252000,After technology investments
Implementation Investment,Professional Services,$150000,N/A,One-time,N/A,Implementation consulting
Implementation Investment,Custom Development,$100000,N/A,One-time,N/A,Custom models and integration
Implementation Investment,Project Management,$75000,N/A,One-time,N/A,Implementation oversight
Implementation Investment,Training Program,$50000,N/A,One-time,N/A,Initial user training
Implementation Investment,Infrastructure Setup,$25000,N/A,One-time,N/A,Environment preparation
Implementation Investment,Total Initial Investment,$400000,N/A,One-time,N/A,Total upfront costs
ROI Calculations,Payback Period (months),N/A,19,Net Benefit/12,N/A,Time to recover investment
ROI Calculations,Year 1 ROI,N/A,63%,Benefit/Investment,N/A,First year return percentage
ROI Calculations,3-Year NPV @ 10%,N/A,$225000,NPV Formula,N/A,Net present value calculation
ROI Calculations,3-Year Total ROI,N/A,189%,Cumulative ROI,N/A,Total return over 3 years
Productivity Metrics,Documents per Hour per FTE,30,400,13x Improvement,N/A,Massive productivity gain
Productivity Metrics,Processing Cost per Document,$22.20,$12.12,45% Reduction,$252500,Per-unit cost improvement
Productivity Metrics,Error Rate Reduction,6%,1%,5% Improvement,N/A,Quality improvement metric
Quality Metrics,Processing Accuracy,94%,98%,4% Improvement,N/A,Reduced errors and rework
Quality Metrics,First-Pass Success Rate,88%,97%,9% Improvement,N/A,Less manual intervention needed
Quality Metrics,Customer Satisfaction Impact,Medium,High,Qualitative,N/A,Faster processing improves service
Scalability Benefits,Peak Volume Handling,Limited,Unlimited,Scalability,N/A,Cloud auto-scaling capability
Scalability Benefits,Additional Volume Cost,High,Low,Variable Pricing,N/A,Pay-per-use vs fixed staff
Scalability Benefits,Growth Accommodation,Manual Hiring,Automatic,Operational,N/A,No additional staffing needed
Risk Mitigation,Compliance Risk Reduction,Medium,High,Risk Profile,N/A,Automated audit trails
Risk Mitigation,Processing Consistency,Variable,Standardized,Quality,N/A,Repeatable automated processes
Risk Mitigation,Business Continuity,Single Point,Redundant,Availability,N/A,Cloud infrastructure resilience