Communication ID,Communication Type,Audience,Purpose,Frequency,Format,Owner,Distribution Method,Meeting Duration,Agenda Topics,Key Stakeholders,Escalation Level,Success Metrics,Status,Next Scheduled,Notes
COMM-001,Executive Network Status,Executive Sponsors,Network infrastructure project status and performance improvements,Weekly,Email Report,EO Project Manager,Email distribution list,N/A,"Network performance metrics, deployment progress, key decisions needed",EO Quarterback and Network Director,Executive,Report delivered on time and strategic decisions made,Active,[DATE],Include network performance dashboard and ROI tracking
COMM-002,Network Steering Committee,Project Steering Committee,Strategic direction for network infrastructure and Cisco implementation,Bi-weekly,In-Person Meeting,EO Project Manager,Meeting invitation,60 minutes,"Network strategy, security policies, budget, timeline, scope changes",EO Quarterback and IT Leadership,Strategic,Meeting attendance >80% and critical decisions documented,Active,[DATE],Decision authority for network architecture and budget
COMM-003,Network Team Standup,Core Network Team,Daily coordination for Cisco deployment and configuration,Daily,Virtual Meeting,EO Quarterback,Video conference,15 minutes,"Equipment deployment, configuration progress, network blockers",Network Team and Cisco Engineers,Operational,Daily attendance >90% and technical blockers resolved,Active,[DATE],Focus on network implementation coordination and impediments
COMM-004,Cisco Architecture Review,Technical and Network Teams,Cisco network architecture and performance optimization,Weekly,Technical Meeting,EO Quarterback,Meeting invitation,90 minutes,"Network design, security configuration, performance tuning",EO Sales Engineer (Solution Architecture) and Network Architects,Technical,Network decisions documented and performance targets achieved,Active,[DATE],Include Cisco optimization results and performance metrics
COMM-010,Testing Coordination,QA and Testing Teams,Testing progress and quality validation,Weekly,QA Meeting,EO Quarterback,Meeting invitation,45 minutes,"Test execution, quality metrics, defect resolution",QA Team and Test Engineers,Quality,Quality gates met and testing within tolerance,Active,[DATE],Include testing metrics and quality validation results
COMM-011,Deployment Planning,Deployment Teams,Production deployment planning and coordination,Weekly,Deployment Meeting,EO Project Manager,Meeting invitation,60 minutes,"Deployment readiness, rollback procedures, go-live coordination",Deployment Team and Operations,Deployment,Deployment readiness achieved and procedures validated,Active,[DATE],Include deployment checklist and risk mitigation
COMM-012,Stakeholder Updates,Business Stakeholders,Business impact and readiness updates,Bi-weekly,Business Meeting,EO Sales Engineer,Meeting invitation,45 minutes,"Business readiness, training status, change management",Business Leaders and Change Management,Business,Business stakeholder engagement and readiness achieved,Active,[DATE],Include business impact assessment and training progress
