Requirement ID,Category,Priority,Requirement Description,Acceptance Criteria,Source,Status,Assigned To,Due Date,Notes
REQ-001,Functional,High,"User authentication and authorization system","Users can login with secure credentials and access appropriate resources based on role","Stakeholder Interview","Draft","Solution Architect","[DATE]","Integration with existing identity provider required"
REQ-002,Functional,High,"Data import and export capabilities","System can import data from CSV/Excel and export reports in multiple formats","Business Case","Draft","Development Team","[DATE]","Must support files up to 100MB"
REQ-003,Functional,Medium,"Real-time dashboard and reporting","Users can view live data updates and generate custom reports","Requirements Workshop","Draft","UI/UX Designer","[DATE]","Mobile responsive design required"
REQ-004,Non-Functional,High,"System availability 99.9% uptime","System maintains 99.9% availability during business hours","SLA Requirements","Draft","Infrastructure Team","[DATE]","Monitoring and alerting setup required"
REQ-005,Non-Functional,High,"Response time under 2 seconds","All user interactions complete within 2 seconds","Performance Requirements","Draft","Performance Engineer","[DATE]","Load testing required for 1000 concurrent users"
REQ-006,Non-Functional,Critical,"Data encryption at rest and in transit","All sensitive data encrypted using industry standards","Security Requirements","Draft","Security Team","[DATE]","Compliance with SOC 2 and ISO 27001"
REQ-007,Integration,High,"Integration with existing CRM system","Bidirectional data sync with customer CRM platform","System Integration","Draft","Integration Specialist","[DATE]","API rate limits and error handling required"
REQ-008,Integration,Medium,"Single Sign-On (SSO) integration","Users authenticate through existing SSO provider","IT Requirements","Draft","Identity Team","[DATE]","Support for SAML 2.0 and OAuth 2.0"
REQ-009,Compliance,Critical,"GDPR compliance for data handling","System handles personal data according to GDPR requirements","Legal Requirements","Draft","Compliance Officer","[DATE]","Data retention and deletion policies required"
REQ-010,Operational,Medium,"Automated backup and recovery","Daily automated backups with 4-hour recovery time","Business Continuity","Draft","Operations Team","[DATE]","Test recovery procedures quarterly"
REQ-011,Functional,Low,"Multi-language support","Interface available in English, Spanish, and French","User Requirements","Draft","Localization Team","[DATE]","Phase 2 implementation consideration"
REQ-012,Non-Functional,Medium,"Mobile application support","Native mobile apps for iOS and Android platforms","Mobile Strategy","Draft","Mobile Development","[DATE]","Responsive web app may be sufficient initially"
REQ-013,Infrastructure,Critical,"Minimum hardware specifications","CPU: 8 cores, RAM: 32GB, Storage: 1TB SSD","Technical Requirements","Draft","Infrastructure Team","[DATE]","Hardware procurement lead time considerations"
REQ-014,Infrastructure,High,"Network connectivity requirements","Dedicated internet connection with 100Mbps bandwidth minimum","Network Requirements","Draft","Network Team","[DATE]","Redundant connections recommended for production"
REQ-015,Infrastructure,High,"Storage capacity and performance","High-performance storage with IOPS > 10,000 and 5TB capacity","Storage Requirements","Draft","Storage Team","[DATE]","Consider cloud storage alternatives"
REQ-016,Infrastructure,Medium,"Compute resource allocation","Scalable compute resources supporting auto-scaling policies","Compute Requirements","Draft","Cloud Team","[DATE]","Monitor resource utilization patterns"
REQ-017,Software,Critical,"Operating system compatibility","Support for Windows Server 2019+, Ubuntu 20.04+, RHEL 8+","OS Requirements","Draft","Systems Team","[DATE]","Include container runtime compatibility"
REQ-018,Software,High,"Required software dependencies","Specific versions of runtime environments and libraries","Dependency Requirements","Draft","Development Team","[DATE]","Maintain dependency version matrix"
REQ-019,Software,High,"Development and deployment tools","CI/CD pipeline tools, monitoring, and management software","Tooling Requirements","Draft","DevOps Team","[DATE]","Tool licensing and maintenance costs"
REQ-020,Access,Critical,"Administrative account permissions","Full administrative access to target systems and platforms","Access Requirements","Draft","Security Team","[DATE]","Follow principle of least privilege"
REQ-021,Access,High,"API access and service accounts","Programmatic access to all required APIs and services","API Requirements","Draft","Integration Team","[DATE]","API rate limits and quota considerations"
REQ-022,Access,High,"Network access and firewall rules","Required network ports and firewall configurations","Network Access","Draft","Security Team","[DATE]","Document all required network connections"
REQ-023,Access,Medium,"Security clearances and approvals","Appropriate security clearances for sensitive environments","Security Clearance","Draft","HR/Security","[DATE]","Allow sufficient time for clearance processing"
REQ-024,Skills,High,"Technical expertise requirements","Subject matter expertise in relevant technologies and platforms","Skills Requirements","Draft","Technical Lead","[DATE]","Consider training and knowledge transfer needs"
REQ-025,Skills,Medium,"Professional certifications","Industry-standard certifications for key technologies","Certification Requirements","Draft","Training Team","[DATE]","Certification maintenance and renewal"
REQ-026,Skills,Medium,"Experience level requirements","Minimum years of experience with similar implementations","Experience Requirements","Draft","HR/Technical Lead","[DATE]","Consider mentorship and shadowing programs"
REQ-027,Skills,Low,"Recommended training programs","Specific training courses and learning paths","Training Requirements","Draft","Training Team","[DATE]","Budget for external training if needed"
REQ-028,Knowledge,High,"Domain and business expertise","Understanding of business processes and industry requirements","Domain Knowledge","Draft","Business Analyst","[DATE]","Subject matter expert involvement required"
REQ-029,Knowledge,High,"Process and workflow understanding","Knowledge of existing processes and integration points","Process Knowledge","Draft","Process Owner","[DATE]","Document current state processes"
REQ-030,Knowledge,Medium,"Stakeholder and organizational awareness","Understanding of key stakeholders and organizational structure","Stakeholder Knowledge","Draft","Project Manager","[DATE]","Stakeholder mapping and communication plan"
REQ-031,Knowledge,High,"Compliance and regulatory requirements","Knowledge of applicable compliance frameworks and regulations","Compliance Knowledge","Draft","Compliance Officer","[DATE]","Regular compliance training and updates"