Communication ID,Communication Type,Audience,Purpose,Frequency,Format,Owner,Distribution Method,Meeting Duration,Agenda Topics,Key Stakeholders,Escalation Level,Success Metrics,Status,Next Scheduled,Notes
COMM-001,Executive Security Status,Executive Sponsors,SIEM project status and security posture improvements,Weekly,Email Report,EO Project Manager,Email distribution list,N/A,"Security metrics, threat detection improvements, key decisions needed",EO Quarterback and CISO,Executive,Report delivered on time and security KPIs improved,Active,[DATE],Include security dashboard and threat landscape updates
COMM-002,Security Steering Committee,Project Steering Committee,Strategic direction and scope decisions for SIEM implementation,Bi-weekly,In-Person Meeting,EO Project Manager,Meeting invitation,60 minutes,"SIEM strategy, detection coverage, budget, timeline, scope changes",EO Quarterback and Security Leaders,Strategic,Meeting attendance >80% and critical security decisions documented,Active,[DATE],Decision authority for security requirements and budget
COMM-003,SOC Team Standup,Core SIEM Development Team,Daily coordination for SIEM development and integration,Daily,Virtual Meeting,EO Quarterback,Video conference,15 minutes,"Azure Sentinel deployment, detection rules, integration blockers",SOC Team and Security Engineers,Operational,Daily attendance >90% and technical blockers resolved,Active,[DATE],Focus on SIEM development coordination and security impediments
COMM-004,Security Architecture Review,Technical and Security Teams,SIEM architecture and security detection optimization,Weekly,Technical Meeting,EO Quarterback,Meeting invitation,90 minutes,"Detection rules, log sources, incident response workflows",EO Sales Engineer (Solution Architecture) and Security Architects,Technical,Security decisions documented and detection targets achieved,Active,[DATE],Include threat detection metrics and security validation results
COMM-005,Security Risk Review,Risk Management Team,SIEM security risks and threat detection monitoring,Bi-weekly,Risk Meeting,EO Quarterback,Meeting invitation,45 minutes,"Detection coverage gaps, false positive rates, threat landscape changes",EO Project Manager and EO Engineer (Technical Leadership),Management,Risk register updated and security-specific mitigations tracked,Active,[DATE],Focus on cybersecurity operational risks and threat detection
COMM-006,Security Team Training,SOC and Security Operations,SIEM training and security operations preparation,Weekly,Workshop Session,EO Sales Engineer,Workshop invitation,120 minutes,"SIEM operation, incident response, threat hunting procedures",Security Operations and SOC Analysts,Business,Security team sign-off on SIEM procedures and incident response,Active,[DATE],Include hands-on SIEM training and incident simulation
COMM-007,SIEM Sprint Review,SIEM Development Team,Security detection progress and SIEM demonstrations,Bi-weekly,Demo Meeting,EO Quarterback,Video conference,60 minutes,"Detection rules deployment, security analytics, threat hunting results",Security Team and Product Owner,Team,Security detection goals achieved and feedback incorporated,Active,[DATE],Live demonstration of threat detection and incident response
COMM-008,Azure Security Coordination,Microsoft Security Teams,Azure security service optimization and integration coordination,Weekly,Technical Call,EO Engineer,Conference call,45 minutes,"Sentinel performance, Defender integration, security service optimization",Microsoft Security Team and EO Sales Engineer (Solution Architecture),Technical,Azure security service performance targets met and issues resolved,Active,[DATE],Track Sentinel/Defender SLAs and security optimization opportunities
COMM-009,Security Quality Review,Quality Assurance and Security Operations,SIEM quality and security detection validation,Weekly,QA Meeting,EO Quarterback,Meeting invitation,45 minutes,"Detection accuracy testing, security quality assessment, validation results",QA Team and Security Analysts,Quality,Quality gates met and detection accuracy within tolerance,Active,[DATE],Include security validation metrics and detection quality analysis
COMM-010,Testing Coordination,QA and Testing Teams,Testing progress and quality validation,Weekly,QA Meeting,EO Quarterback,Meeting invitation,45 minutes,"Test execution, quality metrics, defect resolution",QA Team and Test Engineers,Quality,Quality gates met and testing within tolerance,Active,[DATE],Include testing metrics and quality validation results
COMM-011,Deployment Planning,Deployment Teams,Production deployment planning and coordination,Weekly,Deployment Meeting,EO Project Manager,Meeting invitation,60 minutes,"Deployment readiness, rollback procedures, go-live coordination",Deployment Team and Operations,Deployment,Deployment readiness achieved and procedures validated,Active,[DATE],Include deployment checklist and risk mitigation
COMM-012,Stakeholder Updates,Business Stakeholders,Business impact and readiness updates,Bi-weekly,Business Meeting,EO Sales Engineer,Meeting invitation,45 minutes,"Business readiness, training status, change management",Business Leaders and Change Management,Business,Business stakeholder engagement and readiness achieved,Active,[DATE],Include business impact assessment and training progress
