Component,Parameter,Environment,Value,Data_Type,Required,Description,Validation_Rule,Default_Value
Dell Infrastructure,Solution Name,All,Dell Enterprise Solution,String,Yes,Dell solution identifier,Valid solution name,Dell Enterprise Solution
Hardware Configuration,Server Model,All,PowerEdge R750,String,Yes,Dell server model for deployment,Valid PowerEdge model,PowerEdge R750
Hardware Configuration,Memory Configuration,All,128GB DDR4,String,Yes,Server memory specification,Valid memory config,128GB DDR4
Hardware Configuration,Storage Configuration,All,NVMe SSD 1TB,String,Yes,Primary storage configuration,Valid storage config,NVMe SSD 1TB
Network Configuration,Network Interface,All,25GbE Dual Port,String,Yes,Network interface specification,Valid network config,25GbE Dual Port
Dell Management,iDRAC Version,All,iDRAC9,String,Yes,Integrated Dell Remote Access Controller,Valid iDRAC version,iDRAC9
Dell Management,OpenManage Version,All,3.10.0,String,Yes,Dell OpenManage Enterprise version,Valid version number,3.10.0
Security Configuration,TPM Module,All,TPM 2.0,String,Yes,Trusted Platform Module specification,TPM 1.2|TPM 2.0,TPM 2.0
Security Configuration,Secure Boot,All,Enabled,Boolean,Yes,UEFI Secure Boot configuration,true|false,true
