Sheet,Section,Item,Description,Year 0,Year 1,Year 2,Year 3,Total,Formula,Notes
Input,Project Information,Solution Name,AWS Intelligent Document Processing,,,,,,"Manual Entry","IDP solution name"
Input,Project Information,Client Name,{CLIENT_NAME},,,,,,"Manual Entry","Enter client name"
Input,Project Information,Analysis Date,{CURRENT_DATE},,,,,,"Manual Entry","Analysis preparation date"
Input,Project Information,Analysis Period,3 Years,,,,,,"Manual Entry","ROI calculation timeframe"
Input,Project Information,Discount Rate,10%,,,,,,"Manual Entry","Cost of capital for NPV calculation"
Input,Implementation Costs,AWS Infrastructure,Textract Comprehend S3 Lambda and supporting services,"$45,000",$0,$0,$0,"$45,000","=E7","Initial AWS service setup costs"
Input,Implementation Costs,Professional Services,IDP implementation configuration and custom model development,"$280,000",$0,$0,$0,"$280,000","=E8","One-time implementation cost"
Input,Implementation Costs,Training & Change Management,User training workflow redesign and change management,"$65,000",$0,$0,$0,"$65,000","=E9","One-time training and change cost"
Input,Implementation Costs,Data Preparation,Document labeling model training and testing,"$85,000",$0,$0,$0,"$85,000","=E10","ML model preparation costs"
Input,Implementation Costs,Integration Development,API development and system integration,"$75,000",$0,$0,$0,"$75,000","=E11","System integration costs"
Input,Implementation Costs,Contingency (15%),Risk mitigation buffer for AI/ML projects,"$82,500",$0,$0,$0,"$82,500","=SUM(E7:E11)*0.15","Higher contingency for ML projects"
Input,Ongoing Costs,AWS Service Costs,Monthly costs for Textract Comprehend compute and storage,$0,"$85,000","$95,000","$105,000","$285,000","=SUM(F13:H13)","Growing with document volume"
Input,Ongoing Costs,Model Maintenance,Model retraining updates and performance monitoring,$0,"$45,000","$40,000","$35,000","$120,000","=SUM(F14:H14)","Decreasing as models stabilize"
Input,Ongoing Costs,Support & Operations,Technical support monitoring and maintenance,$0,"$60,000","$60,000","$60,000","$180,000","=SUM(F15:H15)","Annual support costs"
Input,Ongoing Costs,Compliance & Security,Data protection audit and compliance monitoring,$0,"$25,000","$25,000","$25,000","$75,000","=SUM(F16:H16)","Annual compliance costs"
Input,Revenue Benefits,Faster Processing,Revenue from accelerated document processing,$0,"$850,000","$950,000","$1,050,000","$2,850,000","=SUM(F17:H17)","Time-to-value improvement"
Input,Revenue Benefits,New Service Offerings,Revenue from AI-powered document services,$0,"$300,000","$600,000","$900,000","$1,800,000","=SUM(F18:H18)","Growing AI service revenue"
Input,Revenue Benefits,Customer Satisfaction,Revenue retained through improved accuracy,$0,"$200,000","$250,000","$300,000","$750,000","=SUM(F19:H19)","Customer retention value"
Input,Revenue Benefits,Competitive Advantage,Premium pricing for AI-enhanced services,$0,"$150,000","$225,000","$300,000","$675,000","=SUM(F20:H20)","Market differentiation value"
Input,Cost Savings,Manual Entry Elimination,Savings from automated data extraction,$0,"$1,200,000","$1,350,000","$1,500,000","$4,050,000","=SUM(F21:H21)","Staff cost reduction"
Input,Cost Savings,Error Reduction,Savings from improved accuracy and reduced rework,$0,"$400,000","$450,000","$500,000","$1,350,000","=SUM(F22:H22)","Quality improvement savings"
Input,Cost Savings,Processing Speed,Savings from faster document turnaround,$0,"$300,000","$350,000","$400,000","$1,050,000","=SUM(F23:H23)","Efficiency gains"
Input,Cost Savings,Compliance Automation,Savings from automated compliance checking,$0,"$150,000","$175,000","$200,000","$525,000","=SUM(F24:H24)","Compliance cost reduction"
Input,Cost Savings,Storage Optimization,Savings from intelligent document classification and storage,$0,"$75,000","$85,000","$95,000","$255,000","=SUM(F25:H25)","Storage efficiency gains"
Input,Cost Savings,Audit & Discovery,Savings from automated document search and retrieval,$0,"$100,000","$125,000","$150,000","$375,000","=SUM(F26:H26)","Operational efficiency"
Calculation,Cash Flow,Total Implementation Costs,One-time IDP implementation investment,"$632,500",$0,$0,$0,"$632,500","=SUM(E7:E12)","Total upfront investment"
Calculation,Cash Flow,Total Annual Costs,Ongoing AWS and operational costs,$0,"$215,000","$220,000","$225,000","$660,000","=SUM(F13:F16)+SUM(G13:G16)+SUM(H13:H16)","Annual operating costs"
Calculation,Cash Flow,Total Annual Benefits,Revenue and cost savings,$0,"$3,725,000","$4,560,000","$5,395,000","$13,680,000","=SUM(F17:F26)+SUM(G17:G26)+SUM(H17:H26)","Annual benefit totals"
Calculation,Cash Flow,Net Annual Cash Flow,Benefits minus costs,"-$632,500","$3,510,000","$4,340,000","$5,170,000","$12,387,500","=E27-E28, =F29-F28, =G29-G28, =H29-H28","Annual net cash flow"
Calculation,Cash Flow,Cumulative Cash Flow,Running total of cash flows,"-$632,500","$2,877,500","$7,217,500","$12,387,500",,"=E30, =E30+F30, =F31+G30, =G31+H30","Cumulative cash position"
Calculation,ROI Metrics,Total Investment,Complete IDP investment amount,"$632,500",,,,"=E27","Total capital invested"
Calculation,ROI Metrics,Total Benefits,Complete benefit amount,"$13,680,000",,,,"=I29","Total benefits realized"
Calculation,ROI Metrics,Net Present Value (NPV),NPV at discount rate,"$10,258,472",,,,"=NPV(F6,F30:H30)+E30","NPV calculation"
Calculation,ROI Metrics,Internal Rate of Return (IRR),IRR percentage,555%,,,,"=IRR(E30:H30)","IRR calculation"
Calculation,ROI Metrics,Payback Period,Months to break even,2.2,,,,"=IF(E31>0,0,12-E31/F30*12)","Payback in months"
Calculation,ROI Metrics,Return on Investment (ROI),ROI percentage,1958%,,,,"=(I33-I32)/I32","Total ROI percentage"
Summary,Key Results,Investment Summary,Total IDP investment required,"$632,500",,,,"=I32","Financial investment needed"
Summary,Key Results,Benefit Summary,Total projected IDP benefits,"$13,680,000",,,,"=I33","Total financial benefits"
Summary,Key Results,Net Benefit,Total net financial gain,"$12,387,500",,,,"=I33-I32","Net financial benefit"
Summary,Key Results,ROI Achievement,Return on investment percentage,1958%,,,,"=I36","ROI achievement"
Summary,Key Results,Payback Timeline,Time to recover investment,"2.2 months",,,,"=I35&"" months""","Investment recovery time"
Summary,Key Results,NPV Result,Net present value of investment,"$10,258,472",,,,"=I34","NPV at discount rate"
Summary,Recommendation,Financial Viability,Investment recommendation,"STRONG APPROVE",,,,"=IF(I34>0,""APPROVE"",""REJECT"")","Based on positive NPV"
Summary,Recommendation,Risk Assessment,Implementation risk level,"MEDIUM",,,,"Manual Assessment","AI/ML implementation complexity"
Summary,Recommendation,Strategic Value,Strategic importance for digital transformation,"HIGH",,,,"Manual Assessment","Strategic AI/automation value"
Summary,Recommendation,Overall Rating,Final recommendation,"PROCEED IMMEDIATELY",,,,"Manual Assessment","Executive recommendation"
Assumptions,Financial,Discount Rate,Cost of capital assumption,10%,,,,"=F6","WACC or hurdle rate"
Assumptions,Financial,Tax Rate,Corporate tax rate,25%,,,,"Manual Entry","For tax benefit calculations"
Assumptions,Financial,Inflation Rate,Annual inflation assumption,3%,,,,"Manual Entry","For cost escalation"
Assumptions,Operational,Document Volume Growth,Expected annual document growth,15%,,,,"Manual Entry","Volume increase assumption"
Assumptions,Operational,Extraction Accuracy,AI model accuracy target,95%,,,,"Manual Entry","Accuracy achievement goal"
Assumptions,Operational,Processing Speed Improvement,Speed improvement over manual,80%,,,,"Manual Entry","Automation speed factor"
Assumptions,Operational,User Adoption,Expected adoption rate,90%,,,,"Manual Entry","User acceptance assumption"
Assumptions,Market,Digital Transformation,Market demand for automation,High,,,,"Manual Entry","Market trend factor"
Assumptions,Technology,AWS AI Services,Platform reliability and performance,High,,,,"Manual Entry","Technology maturity assumption"
Assumptions,Technology,Model Performance,Custom model effectiveness,High,,,,"Manual Entry","ML model success assumption"
Risk,Implementation,Technology Risk,AI/ML implementation complexity,Medium,,,,"Manual Assessment","Risk level assessment"
Risk,Implementation,Data Quality Risk,Training data quality and availability,Medium,,,,"Manual Assessment","Data preparation risk"
Risk,Implementation,Integration Risk,System integration complexity,Medium,,,,"Manual Assessment","Integration challenge risk"
Risk,Operational,Model Accuracy Risk,AI model performance variation,Medium,,,,"Manual Assessment","Accuracy achievement risk"
Risk,Operational,Volume Scalability,Handling increased document volumes,Low,,,,"Manual Assessment","AWS scalability confidence"
Risk,Financial,AWS Cost Variance,Cloud service cost fluctuation,Low,,,,"Manual Assessment","AWS cost predictability"
Risk,Financial,Benefit Realization,Benefit achievement timeline,Low,,,,"Manual Assessment","Benefit delivery confidence"
Risk,Market,Competition,Competitive AI adoption,Medium,,,,"Manual Assessment","Market competition pressure"
Sensitivity,Scenarios,Conservative Case,Reduced benefits (70%),"$9,576,000",,,,"=I33*0.70","Conservative benefit estimate"
Sensitivity,Scenarios,Optimistic Case,Increased benefits (130%),"$17,784,000",,,,"=I33*1.30","Optimistic benefit estimate"
Sensitivity,Scenarios,Worst Case,Reduced benefits (50%),"$6,840,000",,,,"=I33*0.50","Worst-case benefit estimate"
Sensitivity,Impact,Conservative ROI,ROI in conservative scenario,1414%,,,,"=(I61-I32)/I32","Conservative ROI"
Sensitivity,Impact,Optimistic ROI,ROI in optimistic scenario,2712%,,,,"=(I62-I32)/I32","Optimistic ROI"
Sensitivity,Impact,Worst Case ROI,ROI in worst-case scenario,981%,,,,"=(I63-I32)/I32","Worst-case ROI"