Communication ID,Communication Type,Audience,Purpose,Frequency,Format,Owner,Distribution Method,Meeting Duration,Agenda Topics,Key Stakeholders,Escalation Level,Success Metrics,Status,Next Scheduled,Notes
COMM-001,Executive Status Report,Executive Sponsors,AVD project status and modern workplace transformation progress,Weekly,Email Report,EO Project Manager,Email distribution list,N/A,"""Virtual desktop deployment progress, user adoption metrics, key decisions needed""",EO Quarterback and IT Director,Executive,Report delivered on time and strategic decisions made,Active,[DATE],Include user satisfaction metrics and ROI tracking
COMM-002,AVD Steering Committee,Project Steering Committee,Strategic direction and scope decisions for virtual desktop implementation,Bi-weekly,In-Person Meeting,EO Project Manager,Meeting invitation,60 minutes,"""Modern workplace strategy, user experience, budget, timeline, scope changes""",EO Quarterback and Department Heads,Strategic,Meeting attendance >80% and critical decisions documented,Active,[DATE],Decision authority for user requirements and technology choices
COMM-003,Development Team Standup,Core AVD Development Team,Daily coordination for Azure infrastructure and application deployment,Daily,Virtual Meeting,EO Quarterback,Video conference,15 minutes,"""Host pool deployment, application packaging, user profile configuration""",Development Team and Cloud Engineers,Operational,Daily attendance >90% and technical blockers resolved,Active,[DATE],Focus on Azure services coordination and impediments
COMM-004,Azure Architecture Review,Technical and Infrastructure Teams,AVD architecture optimization and performance tuning,Weekly,Technical Meeting,EO Quarterback,Meeting invitation,90 minutes,"""Host pool configuration, network performance, storage optimization""",EO Sales Engineer (Solution Architecture) and Cloud Architects,Technical,Architecture decisions documented and performance targets achieved,Active,[DATE],Include Azure resource optimization and cost management
COMM-005,Virtual Desktop Risk Review,Risk Management Team,User adoption risks and technology performance monitoring,Bi-weekly,Risk Meeting,EO Quarterback,Meeting invitation,45 minutes,"""User adoption risks, performance degradation, network connectivity issues""",EO Project Manager and EO Delivery Engineer (Technical Leadership),Management,Risk register updated and virtual desktop specific mitigations tracked,Active,[DATE],Focus on user experience risks and performance monitoring
COMM-006,Business User Feedback,Desktop Users and Managers,Requirements validation and user experience feedback,Weekly,Workshop Session,EO Sales Engineer,Workshop invitation,120 minutes,"""Application requirements, desktop performance feedback, workflow validation""",Business Stakeholders and End Users,Business,User sign-off on desktop experience and application access,Active,[DATE],Include hands-on testing of virtual desktop workflows
COMM-007,AVD Sprint Review,AVD Development Team,Infrastructure progress and user experience demonstrations,Bi-weekly,Demo Meeting,EO Quarterback,Video conference,60 minutes,"""Host pool status, application deployment, user experience demonstrations""",Infrastructure Team and Product Owner,Team,User experience goals achieved and feedback incorporated,Active,[DATE],Live demonstration of virtual desktop login and application access
COMM-008,Microsoft Support Coordination,Microsoft Technical Teams,Azure AVD service optimization and best practices coordination,Weekly,Technical Call,EO Engineer,Conference call,45 minutes,"""AVD service performance, host pool optimization, troubleshooting""",Microsoft Technical Team and EO Sales Engineer (Solution Architecture),Technical,Microsoft service performance targets met and issues resolved,Active,[DATE],Track AVD SLAs and optimization opportunities
COMM-009,User Experience Review,Quality Assurance and User Representatives,Virtual desktop performance and user satisfaction validation,Weekly,UX Meeting,EO Quarterback,Meeting invitation,45 minutes,"""Login performance testing, application responsiveness, user satisfaction""",QA Team and User Representatives,Quality,User experience goals met and performance within tolerance,Active,[DATE],Include user experience metrics and satisfaction analysis
COMM-010,Change Control Board,Change Control Board,AVD configuration changes and user environment modifications,As Needed,Change Meeting,EO Engineer,Meeting invitation,60 minutes,"""Host pool changes, application updates, user profile modifications""",Change Control Board Members,Governance,Change requests processed within SLA and impact assessed,Active,[DATE],Include user impact assessment and rollback procedures
COMM-011,User Training Update,Training and Change Management Teams,AVD user training progress and adoption readiness,Bi-weekly,Training Call,EO Engineer,Conference call,30 minutes,"""Training material development, user competency, change readiness""",Training Team and Change Management,Operational,Training materials ready and user adoption validated,Active,[DATE],Include hands-on virtual desktop training sessions
COMM-012,Security and Compliance Review,Security and Compliance Teams,Virtual desktop security posture and compliance validation,Monthly,Security Meeting,EO Quarterback,Meeting invitation,60 minutes,"""Access controls, data protection, compliance validation, conditional access""",Security Team and Compliance Officer,Security,Security requirements met and compliance validated,Active,[DATE],Include Azure AD integration and zero trust implementation
COMM-013,Azure Infrastructure Update,Infrastructure and DevOps Teams,Azure resource performance and capacity planning,Weekly,Infrastructure Call,EO Engineer,Conference call,30 minutes,"""Azure resource utilization, cost optimization, capacity planning""",Infrastructure Team and Cloud Architect,Technical,Infrastructure performance targets met and costs optimized,Active,[DATE],Include Azure cost monitoring and resource optimization
COMM-014,Business Readiness Assessment,Business Stakeholders,Virtual desktop workflow readiness and change management,Bi-weekly,Business Meeting,EO Quarterback,Meeting invitation,45 minutes,"""Workflow transition readiness, user adoption, process changes""",Business Managers and Department Heads,Business,Business readiness criteria met and users prepared for transition,Active,[DATE],Include user acceptance of virtual desktop workflows
COMM-015,Go-Live Preparation,Go-Live Coordination Team,Production deployment and AVD go-live readiness,Daily (2 weeks before),Go-Live Meeting,EO Project Manager,Video conference,30 minutes,"""Deployment checklist, production readiness, user migration procedures""",All Team Leads and Operations Manager,Critical,Go-live criteria met and AVD deployment ready,Planned,[DATE],Intensive coordination for virtual desktop production migration
COMM-016,Post-Implementation Review,Project and Operations Teams,AVD performance review and optimization opportunities,Monthly (3 months),Review Meeting,EO Quarterback,Meeting invitation,90 minutes,"""User satisfaction trends, performance efficiency, optimization opportunities""",Core Project Team and Business Stakeholders,Review,Performance improvements identified and optimization roadmap created,Planned,[DATE],Include user adoption analysis and continuous improvement planning
COMM-017,Critical Issue Escalation,Emergency Response Team,Critical AVD system failures and user access issues,As Needed,Emergency Call,EO Sales Engineer,Emergency notification,Variable,"""System outages, authentication failures, performance degradation, resolution actions""",Incident Response Team and Management,Emergency,Critical issues resolved within SLA and service restored,Active,[DATE],Include emergency user communication and service restoration
COMM-018,Stakeholder Briefing,All Project Stakeholders,General AVD project updates and modern workplace progress,Monthly,All-Hands Meeting,EO Project Manager,Town hall meeting,45 minutes,"""Virtual desktop progress, user adoption success, productivity improvements""",All Project Stakeholders,Informational,Stakeholder engagement maintained and progress communicated,Active,[DATE],Include modern workplace achievements and user success stories
COMM-019,Technical Deep Dive,Technical and Infrastructure Teams,AVD technical knowledge sharing and problem-solving,As Needed,Technical Session,EO Quarterback,Meeting invitation,90 minutes,"""Architecture challenges, performance optimization, integration solutions""",Technical Team Members and Cloud Engineers,Technical,Technical challenges resolved and AVD knowledge shared,Active,[DATE],Include Azure best practices and troubleshooting guides
COMM-020,Client Update Call,External Client,Client AVD progress and virtual desktop value updates,Bi-weekly,Client Call,EO Project Manager,Client meeting,45 minutes,"""Virtual desktop progress, user satisfaction, business productivity improvements""",Client Stakeholders and Account Manager,Client,Client satisfaction maintained and virtual desktop value communicated,Active,[DATE],Professional communication with clear business value and ROI
COMM-021,Performance Monitoring Review,Operations and Infrastructure Teams,AVD performance monitoring and capacity planning,Weekly,Performance Meeting,EO Quarterback,Video conference,45 minutes,"""Performance trends, capacity utilization, scaling requirements""",Operations Team and Cloud Architects,Technical,Performance maintained above thresholds and capacity planned,Active,[DATE],Include performance dashboards and capacity forecasting
COMM-022,Application Compatibility Review,Application and Business Teams,Application performance and compatibility validation,Bi-weekly,Application Meeting,EO Quarterback,Meeting invitation,60 minutes,"""Application performance, compatibility issues, optimization needs""",Application SMEs and Technical Team,Business,Application performance maintained and compatibility validated,Active,[DATE],Include application optimization and user experience improvements
COMM-023,Network Performance Review,Network and Infrastructure Teams,Network connectivity and performance optimization,Weekly,Network Meeting,EO Engineer,Meeting invitation,45 minutes,"""Network latency, bandwidth utilization, connectivity optimization""",Network Team and Infrastructure Engineers,Technical,Network performance targets met and connectivity optimized,Active,[DATE],Include ExpressRoute performance and WAN optimization
COMM-024,User Adoption Tracking,Change Management and Business Teams,User adoption progress and resistance identification,Weekly,Adoption Meeting,EO Project Manager,Meeting invitation,30 minutes,"""Adoption metrics, resistance points, training effectiveness""",Change Management Team and Business Managers,Business,Adoption targets met and resistance issues addressed,Active,[DATE],Include user feedback analysis and adoption strategy refinement