Requirement ID,Category,Type,Priority,Requirement Description,Acceptance Criteria,Source,Owner,Status,Dependencies,Test Method,Compliance,Notes,Estimated Effort
REQ-001,Functional,Global Connectivity,Critical,System must provide global hub-and-spoke connectivity via Azure Virtual WAN,Deploy scalable Virtual WAN with 99.9%+ availability,Business Stakeholder,Network Architect,Draft,Azure Virtual WAN service,Connectivity testing,None,Core global networking functionality,40 hours
REQ-002,Functional,Hub Deployment,Critical,System must deploy regional Virtual WAN hubs for optimal performance,Minimum 4 regional hubs with automatic routing,Business Stakeholder,Network Architect,Draft,REQ-001,Hub testing,None,Regional performance optimization,32 hours
REQ-003,Functional,Branch Connectivity,High,System must connect all branch offices via site-to-site VPN,25+ branch sites with redundant connectivity,Business Stakeholder,Network Engineer,Draft,Site requirements,Connectivity testing,None,Business continuity requirement,80 hours
REQ-004,Functional,ExpressRoute Integration,Critical,Implement ExpressRoute connectivity for primary data center connections,Private dedicated connectivity with 99.95% SLA,Network Team,Network Architect,Draft,REQ-001,Circuit testing,None,Mission-critical connectivity,60 hours
REQ-005,Functional,Traffic Routing,Critical,Implement intelligent traffic routing and optimization,Automatic optimal path selection with load balancing,Network Team,Network Engineer,Draft,REQ-002,Routing testing,None,Performance optimization requirement,100 hours
REQ-006,Functional,Security Integration,High,Integrate Azure Firewall for centralized security enforcement,Unified security policy across all connections,Security Team,Security Architect,Draft,REQ-002,Security testing,Security,Network security requirement,70 hours
REQ-007,Functional,Redundancy,Critical,Provide redundant connectivity for business continuity,Multiple path redundancy with automatic failover,Business Stakeholder,Network Architect,Draft,None,Failover testing,None,Business continuity critical,40 hours
REQ-008,Functional,Bandwidth Management,Critical,Implement dynamic bandwidth allocation and optimization,Automatic bandwidth scaling based on demand,Network Team,Network Engineer,Draft,REQ-005,Bandwidth testing,None,Cost and performance optimization,32 hours
REQ-009,Functional,Inter-Hub Connectivity,High,Enable seamless connectivity between all Virtual WAN hubs,Any-to-any connectivity with optimized routing,Network Team,Network Engineer,Draft,REQ-002,Inter-hub testing,None,Global communication requirement,50 hours
REQ-010,Functional,SD-WAN Integration,High,Integrate with SD-WAN solutions for branch optimization,Support for major SD-WAN vendors and protocols,Network Team,SD-WAN Specialist,Draft,REQ-003,SD-WAN testing,None,Branch optimization and flexibility,45 hours
REQ-011,Non-Functional,Performance,Critical,Network must meet latency and throughput requirements,Inter-hub latency <50ms globally application response <100ms,Business Stakeholder,Performance Engineer,Draft,Hub placement,Performance testing,SLA,User experience critical,N/A
REQ-012,Non-Functional,Scalability,Critical,System must scale to accommodate growth and demand,Support 100+ sites with automatic scaling,Business Stakeholder,Network Architect,Draft,Azure scaling,Load testing,None,Business growth accommodation,N/A
REQ-013,Non-Functional,Availability,High,Network must maintain high availability for business operations,99.9% uptime with redundant paths,Technical Team,Network Architect,Draft,Redundant design,Uptime monitoring,SLA,Business continuity requirement,N/A
REQ-014,Non-Functional,Throughput,High,Network must support required bandwidth and traffic volumes,Aggregate throughput 50+ Gbps with burst capability,Technical Team,Capacity Engineer,Draft,Bandwidth planning,Throughput testing,None,Application performance requirement,N/A
REQ-015,Security,Network Security,Critical,Implement comprehensive network security controls,Azure Firewall with threat intelligence and DDoS protection,Security Team,Security Architect,Draft,Firewall deployment,Security testing,Compliance,Network security posture,24 hours
REQ-016,Security,Traffic Inspection,Critical,Implement deep packet inspection and threat detection,Advanced threat protection with real-time blocking,Security Team,Security Engineer,Draft,REQ-015,Security testing,Security,Threat protection requirement,16 hours
REQ-017,Security,Access Control,Critical,Implement network access controls and segmentation,Micro-segmentation with zero trust principles,Security Team,Security Architect,Draft,Network design,Access testing,Zero Trust,Network security architecture,40 hours
REQ-018,Security,Encryption,Critical,Ensure all network traffic is encrypted in transit,IPSec VPN tunnels and TLS encryption,Security Team,Encryption Specialist,Draft,VPN configuration,Encryption testing,Compliance,Data protection requirement,32 hours
REQ-019,Security,Monitoring,High,Implement security monitoring and logging,Comprehensive network security event logging,Security Team,Security Engineer,Draft,Monitoring setup,Security audit,SOC2,Security visibility requirement,24 hours
REQ-020,Security,Compliance,High,Ensure network design meets regulatory compliance,Compliance with industry standards and regulations,Compliance Team,Compliance Engineer,Draft,Security controls,Compliance audit,Multiple,Regulatory requirement,32 hours
REQ-021,Integration,Legacy Systems,High,Integrate with existing network infrastructure and systems,Seamless integration with current MPLS and systems,IT Team,Integration Specialist,Draft,Current network,Integration testing,None,Business continuity during migration,60 hours
REQ-022,Integration,DNS Services,Medium,Integrate with existing DNS infrastructure,Support for internal DNS resolution and forwarding,IT Team,DNS Administrator,Draft,DNS infrastructure,DNS testing,None,Application functionality requirement,50 hours
REQ-023,Integration,Monitoring Systems,Medium,Integrate with existing network monitoring solutions,SNMP and API integration with current tools,IT Team,Monitoring Engineer,Draft,Monitoring tools,Integration testing,None,Operational visibility requirement,30 hours
REQ-024,Usability,Management Interface,High,Provide intuitive network management interface,Azure portal-based management with RBAC,Network Administrator,UI/UX Designer,Draft,Azure portal,Usability testing,Accessibility,Operational efficiency,80 hours
REQ-025,Usability,Monitoring Dashboard,High,Provide comprehensive network monitoring dashboards,Real-time visibility with customizable views,Network Operations,Dashboard Developer,Draft,Monitoring data,Dashboard testing,None,Operational visibility requirement,90 hours
REQ-026,Usability,Troubleshooting Tools,Medium,Provide network troubleshooting and diagnostic tools,Built-in diagnostics with guided troubleshooting,Network Support,Tools Developer,Draft,Network deployment,Tool testing,None,Support efficiency requirement,60 hours
REQ-027,Management,Configuration Management,High,Implement infrastructure as code for network configurations,Automated deployment with version control,DevOps Team,DevOps Engineer,Draft,IaC templates,Config testing,None,Consistency and repeatability,70 hours
REQ-028,Management,Change Management,High,Implement network change management procedures,Controlled change process with approval workflows,Network Operations,Change Manager,Draft,Process definition,Change testing,ITIL,Operational stability,50 hours
REQ-029,Management,Capacity Planning,Medium,Implement automated capacity planning and forecasting,Predictive analytics for network capacity,Operations Team,Capacity Engineer,Draft,Monitoring data,Capacity testing,None,Performance and cost optimization,100 hours
REQ-030,Management,Cost Optimization,High,Provide network cost visibility and optimization,Real-time cost tracking with optimization recommendations,Finance Team,Cost Engineer,Draft,Azure billing,Cost reporting,None,Budget control requirement,40 hours
REQ-031,Operational,Backup,Critical,Implement automated backup of network configurations,Daily backup of all network device configurations,Operations Team,Backup Engineer,Draft,Configuration management,Backup testing,Data protection,Configuration recovery capability,40 hours
REQ-032,Operational,Disaster Recovery,Critical,Implement network disaster recovery procedures,RTO 2 hours RPO 15 minutes for network services,Operations Team,DR Engineer,Draft,Multi-region setup,DR testing,Business continuity,Business resilience requirement,32 hours
REQ-033,Operational,Performance Monitoring,High,Implement continuous network performance monitoring,Real-time performance metrics with alerting,Operations Team,Performance Engineer,Draft,Monitoring deployment,Performance testing,None,Proactive issue detection,60 hours
REQ-034,Compliance,Data Residency,Critical,Ensure network traffic remains within approved geographic boundaries,All traffic routing within specified regions,Compliance Team,Network Architect,Draft,Regional design,Compliance testing,GDPR,Regulatory compliance requirement,50 hours
REQ-035,Compliance,Audit Logging,High,Maintain detailed network access and configuration logs,Complete audit trail for compliance reporting,Compliance Team,Audit Engineer,Draft,Logging setup,Audit review,Multiple,Regulatory compliance requirement,40 hours
REQ-036,Infrastructure,Azure Subscription,Critical,Azure subscription with Virtual WAN service and appropriate quotas,Administrative access with Virtual WAN service enabled,Infrastructure Team,Cloud Administrator,Draft,None,Service validation,None,Foundation requirement,8 hours
REQ-037,Infrastructure,Network Connectivity,Critical,High-speed internet connectivity at all sites,Sufficient bandwidth for VPN and application traffic,Infrastructure Team,ISP Coordinator,Draft,Site surveys,Connectivity testing,None,Site connectivity requirement,4 hours
REQ-038,Infrastructure,ExpressRoute Circuits,Critical,ExpressRoute circuits with sufficient bandwidth,Dedicated circuits with redundancy and SLA,Infrastructure Team,Circuit Manager,Draft,REQ-036,Circuit testing,None,Mission-critical connectivity,4 hours
REQ-039,Infrastructure,Compute Resources,High,Azure compute resources for Virtual WAN hubs and gateways,Hub gateways sized for expected traffic loads,Infrastructure Team,Capacity Engineer,Draft,Traffic analysis,Load testing,Performance,Scale based on traffic requirements,16 hours
REQ-040,Infrastructure,Storage Resources,Medium,Azure storage for configuration backup and logging,Sufficient storage with appropriate retention policies,Infrastructure Team,Storage Engineer,Draft,Data retention,Storage testing,None,Operational data storage,8 hours
REQ-041,Infrastructure,Monitoring Resources,High,Azure Monitor and Log Analytics for network monitoring,Monitoring workspace with appropriate data retention,Infrastructure Team,Monitoring Engineer,Draft,Azure subscription,Monitoring setup,None,Operational visibility requirement,12 hours
REQ-042,Skills,Technical Team,Critical,Network architect with 5+ years WAN and Azure experience,Proven Azure networking and Virtual WAN expertise,HR Team,Project Manager,Draft,Team recruitment,Skill assessment,None,Essential for technical leadership,N/A
REQ-043,Skills,Technical Team,Critical,Security engineer with 3+ years Azure security experience,Proven Azure Firewall and network security implementation,HR Team,Project Manager,Draft,Team recruitment,Skill assessment,Security,Critical for security implementation,N/A
REQ-044,Skills,Technical Team,High,Field engineers with 3+ years site deployment experience,Proven site-to-site VPN and equipment deployment,HR Team,Project Manager,Draft,Team recruitment,Skill assessment,None,Essential for site deployment,N/A
REQ-045,Skills,Operations Team,High,Network operations engineers with 3+ years Azure experience,Proven Azure networking monitoring and troubleshooting,HR Team,Technical Lead,Draft,Team recruitment,Skill assessment,None,Operational readiness requirement,N/A
REQ-046,Budget,Project Costs,Critical,Infrastructure budget approved for Azure Virtual WAN costs,Monthly Azure costs $25000-$100000 approved,Finance Team,Project Sponsor,Draft,Cost estimates,Budget approval,Financial,Based on hub count and traffic volume,N/A
REQ-047,Budget,Project Costs,Critical,Professional services budget approved for implementation,Implementation costs $200000-$500000 approved,Finance Team,Project Sponsor,Draft,SOW approval,Budget approval,Financial,Includes training and knowledge transfer,N/A
REQ-048,Security,Threat Protection,Critical,Advanced threat protection for network traffic,Real-time threat detection and automatic blocking,Security Team,Threat Engineer,Draft,Security deployment,Security testing,Security,Network threat protection,24 hours
REQ-049,Security,DDoS Protection,Critical,DDoS protection for all Virtual WAN endpoints,Azure DDoS Protection Standard with monitoring,Security Team,DDoS Specialist,Draft,Service enablement,DDoS testing,Security,Service availability protection,16 hours
REQ-050,Compliance,Network Compliance,High,Network design compliance with industry standards,SOC 2 ISO 27001 PCI DSS compliance validation,Compliance Team,Compliance Officer,Draft,Compliance assessment,Compliance audit,Multiple,Industry-specific compliance,20 hours
REQ-051,Testing,Integration Testing,High,Comprehensive integration testing of all network components,End-to-end connectivity and application testing,QA Team,Test Engineer,Draft,Component deployment,Integration testing,None,System validation requirement,16 hours
REQ-052,Testing,Performance Testing,High,Network performance testing under realistic loads,Load testing with expected traffic patterns,QA Team,Performance Engineer,Draft,Performance tools,Performance testing,SLA,Performance validation requirement,24 hours
REQ-053,Operations,Support Procedures,High,Network support procedures and escalation processes,24/7 support capability with clear escalation,Operations Team,Support Manager,Draft,Support processes,Support testing,SLA,User support requirement,32 hours
REQ-054,Training,Network Training,Medium,Comprehensive training for network administrators,Training on Virtual WAN management and troubleshooting,Training Team,Training Manager,Draft,Solution deployment,Training evaluation,None,Operational readiness,N/A
REQ-055,Training,Security Training,High,Security training for network and security teams,Training on Azure Firewall and threat protection,Training Team,Security Trainer,Draft,Security deployment,Training validation,Security,Security operational readiness,N/A