Phase,Task,Description,Start Date,End Date,Duration,Dependencies,Assigned To,Status,Deliverables,Risks,Mitigation
"Phase 1: Foundation","P1.1 - Project Initiation","Project charter, stakeholder alignment, and GitHub partnership establishment","2025-01-02","2025-01-08","7 days","None","Project Manager","Completed","Project Charter, Security Strategy","Resource availability","Early commitment processes"
"Phase 1: Foundation","P1.2 - Security Assessment","Assessment of current application security posture and development practices","2025-01-06","2025-01-15","10 days","P1.1","Security Assessor","Completed","Security Assessment Report, Gap Analysis","Complex legacy security practices","Phased security transformation"
"Phase 1: Foundation","P1.3 - GitHub Security Architecture","Design GitHub Advanced Security architecture and integration strategy","2025-01-13","2025-01-22","10 days","P1.2","Security Architect","Completed","Security Architecture, Integration Plan","Architecture complexity","Iterative design approach"
"Phase 1: Foundation","P1.4 - DevSecOps Framework","Define DevSecOps framework and security workflow integration","2025-01-20","2025-01-29","10 days","P1.3","DevSecOps Lead","Completed","DevSecOps Framework, Workflow Design","Developer resistance","Change management approach"
"Phase 1: Foundation","P1.5 - Policy Framework","Develop security policies and compliance framework","2025-01-27","2025-02-05","10 days","P1.4","Policy Manager","Completed","Security Policies, Compliance Framework","Policy complexity","Stakeholder collaboration"
"Phase 2: Platform Setup","P2.1 - GitHub Enterprise Setup","Configure GitHub Enterprise with Advanced Security features","2025-02-03","2025-02-10","8 days","P1.5","GitHub Administrator","Completed","GitHub Enterprise, Security Configuration","Platform complexity","GitHub support engagement"
"Phase 2: Platform Setup","P2.2 - Authentication Integration","Integrate with corporate identity provider and configure SAML SSO","2025-02-08","2025-02-15","8 days","P2.1","Identity Engineer","Completed","SSO Integration, Identity Configuration","Identity integration","Identity team collaboration"
"Phase 2: Platform Setup","P2.3 - Repository Migration","Migrate existing repositories to GitHub Enterprise with security enabled","2025-02-12","2025-02-19","8 days","P2.2","Migration Engineer","Completed","Repository Migration, Security Enablement","Migration complexity","Phased migration approach"
"Phase 2: Platform Setup","P2.4 - Security Scanning Setup","Configure code scanning, secret scanning, and dependency scanning","2025-02-16","2025-02-23","8 days","P2.3","Security Engineer","Completed","Security Scanning, Detection Rules","Scanning configuration","GitHub best practices"
"Phase 2: Platform Setup","P2.5 - Integration Framework","Setup integrations with existing security and development tools","2025-02-20","2025-02-27","8 days","P2.4","Integration Engineer","Completed","Tool Integrations, API Configuration","Integration complexity","API-first approach"
"Phase 3: Security Implementation","P3.1 - CodeQL Configuration","Configure CodeQL analysis with custom rules and queries","2025-02-24","2025-03-05","10 days","P2.5","CodeQL Engineer","Completed","CodeQL Configuration, Custom Queries","Query complexity","Expert consultation"
"Phase 3: Security Implementation","P3.2 - Secret Scanning Rules","Implement secret scanning with custom patterns and organization rules","2025-03-03","2025-03-12","10 days","P3.1","Secret Management Engineer","Completed","Secret Scanning Rules, Detection Patterns","Pattern accuracy","Testing and validation"
"Phase 3: Security Implementation","P3.3 - Dependency Security","Configure dependency scanning and vulnerability management","2025-03-10","2025-03-19","10 days","P3.2","Dependency Engineer","Completed","Dependency Scanning, Policy Configuration","False positives","Policy tuning"
"Phase 3: Security Implementation","P3.4 - Security Policies","Implement organization security policies and enforcement","2025-03-17","2025-03-26","10 days","P3.3","Policy Engineer","Completed","Security Policies, Enforcement Rules","Policy adoption","Gradual rollout"
"Phase 3: Security Implementation","P3.5 - Workflow Automation","Implement automated security workflows and remediation","2025-03-24","2025-04-02","10 days","P3.4","Automation Engineer","Completed","Security Workflows, Automation Scripts","Workflow complexity","Incremental automation"
"Phase 4: Developer Enablement","P4.1 - IDE Integration","Integrate security scanning with developer IDEs and editors","2025-03-31","2025-04-09","10 days","P3.5","Developer Tools Engineer","Completed","IDE Integration, Developer Extensions","IDE compatibility","Multi-IDE support"
"Phase 4: Developer Enablement","P4.2 - CI/CD Integration","Integrate security scanning into CI/CD pipelines and workflows","2025-04-07","2025-04-16","10 days","P4.1","Pipeline Engineer","Completed","CI/CD Integration, Security Gates","Pipeline complexity","Template-based approach"
"Phase 4: Developer Enablement","P4.3 - Security Training","Develop and deliver comprehensive security training program","2025-04-14","2025-04-23","10 days","P4.2","Security Trainer","Completed","Training Materials, Certification Program","Training effectiveness","Interactive learning approach"
"Phase 4: Developer Enablement","P4.4 - Security Champions","Establish security champions program across development teams","2025-04-21","2025-04-30","10 days","P4.3","Security Champion Lead","Completed","Champion Program, Training Framework","Champion engagement","Incentive programs"
"Phase 4: Developer Enablement","P4.5 - Documentation","Create comprehensive security documentation and best practices","2025-04-28","2025-05-07","10 days","P4.4","Documentation Lead","Completed","Security Documentation, Best Practices","Documentation currency","Continuous updates"
"Phase 5: Testing and Validation","P5.1 - Security Testing","Comprehensive testing of security scanning and detection capabilities","2025-05-05","2025-05-14","10 days","P4.5","Security Tester","Completed","Security Test Results, Validation Report","Test coverage","Comprehensive test scenarios"
"Phase 5: Testing and Validation","P5.2 - Performance Testing","Performance testing of security scanning and workflow integration","2025-05-12","2025-05-21","10 days","P5.1","Performance Tester","Completed","Performance Test Results, Optimization Plan","Performance impact","Performance optimization"
"Phase 5: Testing and Validation","P5.3 - Integration Testing","End-to-end testing of security tool integrations and workflows","2025-05-19","2025-05-28","10 days","P5.2","Integration Tester","Completed","Integration Test Results, Workflow Validation","Integration issues","Systematic testing approach"
"Phase 5: Testing and Validation","P5.4 - Compliance Validation","Validation of compliance controls and audit readiness","2025-05-26","2025-06-04","10 days","P5.3","Compliance Tester","Completed","Compliance Test Results, Audit Documentation","Compliance gaps","Expert review"
"Phase 5: Testing and Validation","P5.5 - User Acceptance Testing","User acceptance testing with development teams and security stakeholders","2025-06-02","2025-06-11","10 days","P5.4","Business Analyst","Completed","UAT Results, User Feedback","User acceptance","User feedback integration"
"Phase 6: Production Deployment","P6.1 - Production Preparation","Prepare production environment and deployment procedures","2025-06-09","2025-06-18","10 days","P5.5","Production Engineer","Completed","Production Environment, Deployment Plan","Production readiness","Comprehensive checklist"
"Phase 6: Production Deployment","P6.2 - Phased Rollout","Execute phased rollout to development teams and repositories","2025-06-16","2025-06-25","10 days","P6.1","Rollout Manager","Completed","Phased Deployment, Team Onboarding","Rollout complexity","Team-by-team approach"
"Phase 6: Production Deployment","P6.3 - Security Operations","Activate security operations and monitoring procedures","2025-06-23","2025-07-02","10 days","P6.2","Security Operations","Completed","Security Operations, Monitoring Setup","Operations complexity","24/7 operations coverage"
"Phase 6: Production Deployment","P6.4 - Training Delivery","Deliver comprehensive training to all development teams","2025-06-30","2025-07-09","10 days","P6.3","Training Manager","Completed","Training Delivery, Certification","Training scale","Scalable training approach"
"Phase 6: Production Deployment","P6.5 - Knowledge Transfer","Transfer security knowledge to operations and security teams","2025-07-07","2025-07-16","10 days","P6.4","Knowledge Manager","Completed","Knowledge Transfer, Documentation","Knowledge gaps","Structured transfer process"
"Ongoing Operations","O1 - Security Operations","Continuous security monitoring and vulnerability management","2025-07-18","Ongoing","Continuous","P6.5","Security Operations","Active","Security Reports","Security incidents","Proactive monitoring"
"Ongoing Operations","O2 - Tool Optimization","Continuous optimization of security tools and workflows","2025-07-18","Ongoing","Continuous","P6.5","Security Engineering","Active","Optimization Reports","Tool effectiveness","Regular tuning"
"Ongoing Operations","O3 - Training Updates","Ongoing security training and awareness programs","2025-07-18","Ongoing","Continuous","P6.5","Training Team","Active","Training Reports","Training effectiveness","Continuous learning"
"Ongoing Operations","O4 - Compliance Management","Continuous compliance monitoring and audit preparation","2025-07-18","Ongoing","Continuous","P6.5","Compliance Team","Active","Compliance Reports","Compliance drift","Automated monitoring"
"Ongoing Operations","O5 - Platform Evolution","Continuous platform enhancement and feature adoption","2025-07-18","Ongoing","Continuous","P6.5","Platform Team","Active","Evolution Reports","Platform obsolescence","Regular updates"