Training_Module,Target_Audience,Learning_Objectives,Duration,Delivery_Method,Prerequisites,Instructor_Type,Priority
Solution Overview,All Stakeholders,Understand solution capabilities and benefits,2 hours,Presentation,None,Internal Expert,High
Technical Architecture,Technical Teams,Understand technical architecture and components,4 hours,Technical Workshop,Technical background,Solution Architect,High
Implementation Procedures,Implementation Teams,Learn deployment and configuration procedures,6 hours,Hands-on Workshop,System administration experience,Implementation Specialist,High
Operations and Maintenance,Operations Teams,Learn ongoing operations and maintenance,4 hours,Operations Workshop,Operations experience,Operations Manager,Medium
User Training,End Users,Learn solution usage and workflows,3 hours,User Training,Basic computer skills,Training Specialist,High
