Component,Parameter,Environment,Value,Data_Type,Required,Description,Validation_Rule,Default_Value
Azure Subscription,Subscription ID,All,{SUBSCRIPTION_ID},String,Yes,Azure subscription identifier for resource deployment,GUID format,None
Azure Subscription,Tenant ID,All,{TENANT_ID},String,Yes,Azure AD tenant identifier for authentication,GUID format,None
Azure Subscription,Location,All,East US 2,String,Yes,Primary Azure region for resource deployment,Valid Azure region,East US 2
Resource Naming,Solution Prefix,All,docintel,String,Yes,Prefix for resource naming convention,3-8 lowercase alphanumeric,docintel
Resource Naming,Environment,Dev,dev,String,Yes,Environment designation for naming,dev|test|stage|prod,dev
Resource Naming,Environment,Test,test,String,Yes,Environment designation for naming,dev|test|stage|prod,test
Resource Naming,Environment,Prod,prod,String,Yes,Environment designation for naming,dev|test|stage|prod,prod
Resource Naming,Location Short,All,eus2,String,Yes,Short code for location in naming,Valid location code,eus2
Form Recognizer,Service Name,All,fr-{prefix}-{env}-{location}-001,String,Yes,Form Recognizer service name,Azure naming rules,Generated
Form Recognizer,SKU,Dev,F0,String,Yes,Service tier for development,F0|S0,F0
Form Recognizer,SKU,Test,F0,String,Yes,Service tier for testing,F0|S0,F0
Form Recognizer,SKU,Prod,S0,String,Yes,Service tier for production,F0|S0,S0
Form Recognizer,Custom Domain,Dev,false,Boolean,No,Enable custom subdomain,true|false,false
Form Recognizer,Custom Domain,Test,false,Boolean,No,Enable custom subdomain,true|false,false
Form Recognizer,Custom Domain,Prod,true,Boolean,No,Enable custom subdomain,true|false,true
Storage Account,Account Name,All,st{prefix}{env}{random},String,Yes,Storage account name,3-24 lowercase alphanumeric,Generated
Storage Account,Account Type,All,StorageV2,String,Yes,Storage account kind,StorageV2,StorageV2
Storage Account,Replication,Dev,Standard_LRS,String,Yes,Storage replication type,Standard_LRS|Standard_GRS,Standard_LRS
Storage Account,Replication,Test,Standard_LRS,String,Yes,Storage replication type,Standard_LRS|Standard_GRS,Standard_LRS
Storage Account,Replication,Prod,Standard_GRS,String,Yes,Storage replication type,Standard_LRS|Standard_GRS,Standard_GRS
Storage Account,Access Tier,All,Hot,String,Yes,Default access tier for blobs,Hot|Cool,Hot
Storage Account,HTTPS Only,All,true,Boolean,Yes,Require secure transfer,true|false,true
Storage Account,TLS Version,All,TLS1_2,String,Yes,Minimum TLS version,TLS1_2,TLS1_2
Storage Account,Public Access,All,false,Boolean,Yes,Allow blob public access,true|false,false
Storage Containers,Input Container,All,input-documents,String,Yes,Container for incoming documents,Valid container name,input-documents
Storage Containers,Processed Container,All,processed-documents,String,Yes,Container for processed documents,Valid container name,processed-documents
Storage Containers,Failed Container,All,failed-documents,String,Yes,Container for failed documents,Valid container name,failed-documents
Storage Containers,Archive Container,All,archive-documents,String,No,Container for archived documents,Valid container name,archive-documents
Key Vault,Vault Name,All,kv-{prefix}-{env}-{location}-001,String,Yes,Key Vault name,Azure naming rules,Generated
Key Vault,SKU,All,Standard,String,Yes,Key Vault pricing tier,Standard|Premium,Standard
Key Vault,Soft Delete,Dev,false,Boolean,No,Enable soft delete,true|false,false
Key Vault,Soft Delete,Test,true,Boolean,No,Enable soft delete,true|false,true
Key Vault,Soft Delete,Prod,true,Boolean,Yes,Enable soft delete,true|false,true
Key Vault,Purge Protection,Dev,false,Boolean,No,Enable purge protection,true|false,false
Key Vault,Purge Protection,Prod,true,Boolean,Yes,Enable purge protection,true|false,true
Key Vault,Retention Days,All,90,Integer,Yes,Soft delete retention period,7-90 days,90
Function App,App Name,All,func-{prefix}-{env}-{location}-001,String,Yes,Function app name,Azure naming rules,Generated
Function App,Runtime,All,python,String,Yes,Function runtime stack,python|dotnet|node,python
Function App,Runtime Version,All,3.9,String,Yes,Runtime version,Valid version number,3.9
Function App,Plan Type,Dev,Consumption,String,Yes,Hosting plan type,Consumption|Premium|Dedicated,Consumption
Function App,Plan Type,Test,Premium,String,Yes,Hosting plan type,Consumption|Premium|Dedicated,Premium
Function App,Plan Type,Prod,Premium,String,Yes,Hosting plan type,Consumption|Premium|Dedicated,Premium
Function App,Plan SKU,Test,EP1,String,No,Plan SKU for Premium,EP1|EP2|EP3,EP1
Function App,Plan SKU,Prod,EP2,String,No,Plan SKU for Premium,EP1|EP2|EP3,EP2
Function App,Always On,Dev,false,Boolean,No,Keep function app warm,true|false,false
Function App,Always On,Prod,true,Boolean,No,Keep function app warm,true|false,true
Computer Vision,Service Name,All,cv-{prefix}-{env}-{location}-001,String,No,Computer Vision service name,Azure naming rules,Generated
Computer Vision,SKU,Dev,F0,String,No,Service tier for development,F0|S0|S1,F0
Computer Vision,SKU,Test,S0,String,No,Service tier for testing,F0|S0|S1,S0
Computer Vision,SKU,Prod,S1,String,No,Service tier for production,F0|S0|S1,S1
Log Analytics,Workspace Name,All,log-{prefix}-{env}-{location}-001,String,Yes,Log Analytics workspace name,Azure naming rules,Generated
Log Analytics,SKU,All,PerGB2018,String,Yes,Pricing tier,PerGB2018,PerGB2018
Log Analytics,Retention,Dev,30,Integer,Yes,Data retention in days,30-730 days,30
Log Analytics,Retention,Test,90,Integer,Yes,Data retention in days,30-730 days,90
Log Analytics,Retention,Prod,90,Integer,Yes,Data retention in days,30-730 days,90
Application Insights,Name,All,ai-{prefix}-{env}-{location}-001,String,Yes,Application Insights name,Azure naming rules,Generated
Application Insights,Type,All,web,String,Yes,Application type,web,web
Application Insights,Sampling Rate,Dev,100,Integer,No,Telemetry sampling percentage,1-100,100
Application Insights,Sampling Rate,Prod,25,Integer,No,Telemetry sampling percentage,1-100,25
API Management,Service Name,All,apim-{prefix}-{env}-{location}-001,String,No,API Management service name,Azure naming rules,Generated
API Management,SKU,Dev,Developer,String,No,Service tier,Developer|Basic|Standard|Premium,Developer
API Management,SKU,Test,Basic,String,No,Service tier,Developer|Basic|Standard|Premium,Basic
API Management,SKU,Prod,Standard,String,No,Service tier,Developer|Basic|Standard|Premium,Standard
API Management,Publisher Email,All,{ADMIN_EMAIL},String,No,Publisher contact email,Valid email format,None
API Management,Publisher Name,All,Document Intelligence Team,String,No,Publisher organization name,Any string,Document Intelligence Team
Processing Settings,Max Pages Per Document,All,10,Integer,Yes,Maximum pages to process per document,1-50,10
Processing Settings,Processing Timeout,All,300,Integer,Yes,Processing timeout in seconds,30-600,300
Processing Settings,Retry Attempts,All,3,Integer,Yes,Number of retry attempts for failures,1-5,3
Processing Settings,Confidence Threshold,All,0.8,Float,Yes,Minimum confidence score for acceptance,0.1-1.0,0.8
Processing Settings,Batch Size,All,10,Integer,Yes,Number of documents to process in batch,1-100,10
Monitoring Settings,Alert Email,All,{ALERT_EMAIL},String,Yes,Email for monitoring alerts,Valid email format,None
Monitoring Settings,Health Check Interval,All,300,Integer,Yes,Health check frequency in seconds,60-3600,300
Monitoring Settings,Log Level,Dev,DEBUG,String,Yes,Logging verbosity level,DEBUG|INFO|WARN|ERROR,DEBUG
Monitoring Settings,Log Level,Prod,INFO,String,Yes,Logging verbosity level,DEBUG|INFO|WARN|ERROR,INFO
Monitoring Settings,Metric Collection,All,true,Boolean,Yes,Enable custom metrics collection,true|false,true
Security Settings,Enable Private Endpoints,Dev,false,Boolean,No,Use private endpoints for services,true|false,false
Security Settings,Enable Private Endpoints,Prod,true,Boolean,No,Use private endpoints for services,true|false,true
Security Settings,Network Access,Dev,All,String,Yes,Network access policy,All|Selected|Private,All
Security Settings,Network Access,Prod,Selected,String,Yes,Network access policy,All|Selected|Private,Selected
Security Settings,Managed Identity,All,true,Boolean,Yes,Enable managed identity authentication,true|false,true
Security Settings,RBAC Authorization,All,true,Boolean,Yes,Use RBAC for Key Vault access,true|false,true
Backup Settings,Enable Backup,Prod,true,Boolean,No,Enable automated backups,true|false,true
Backup Settings,Backup Retention,Prod,30,Integer,No,Backup retention in days,7-365,30
Backup Settings,Geo Backup,Prod,true,Boolean,No,Enable geo-redundant backup,true|false,true
Scaling Settings,Auto Scale,Prod,true,Boolean,No,Enable auto-scaling,true|false,true
Scaling Settings,Min Instances,Prod,2,Integer,No,Minimum number of instances,1-10,2
Scaling Settings,Max Instances,Prod,10,Integer,No,Maximum number of instances,1-100,10
Scaling Settings,Scale Out Threshold,Prod,80,Integer,No,CPU threshold for scaling out,50-95,80
Scaling Settings,Scale In Threshold,Prod,30,Integer,No,CPU threshold for scaling in,10-50,30