Phase,Task ID,Task Name,Duration (Days),Start Date,End Date,Dependencies,Assigned To,Status,Progress %,Critical Path,Risk Level,Notes,Delivery_Documents
Phase 1: Planning and Assessment,T001,Project Initiation and Team Assembly,5,2025-02-01,2025-02-07,,EO Engineer,Not Started,0%,Yes,Low,Kick-off meeting and resource allocation,project-plan.csv
Phase 1: Planning and Assessment,T002,Current State Assessment,10,2025-02-08,2025-02-21,T001,EO Quarterback,Not Started,0%,Yes,Medium,Document existing infrastructure and applications,N/A
Phase 1: Planning and Assessment,T003,Requirements Gathering and Analysis,7,2025-02-08,2025-02-16,T001,EO Sales Engineer,Not Started,0%,No,Low,Business and technical requirements documentation,requirements-specification.csv
Phase 1: Planning and Assessment,T004,Risk Assessment and Mitigation Planning,5,2025-02-17,2025-02-23,T002 T003,EO Engineer,Not Started,0%,No,Medium,Identify and plan for project risks,N/A
Phase 1: Planning and Assessment,T005,Azure Tenant and Subscription Planning,10,2025-02-22,2025-03-07,T002,EO Quarterback,Not Started,0%,Yes,Medium,Plan management group hierarchy and subscriptions,N/A
Phase 1: Planning and Assessment,T006,Network Architecture Design,12,2025-02-22,2025-03-09,T002,EO Quarterback,Not Started,0%,Yes,High,Design hub-spoke topology and addressing,detailed-design.md
Phase 1: Planning and Assessment,T007,Security Architecture Design,10,2025-02-24,2025-03-07,T002,EO Quarterback,Not Started,0%,Yes,High,Design security controls and compliance framework,detailed-design.md
Phase 1: Planning and Assessment,T008,Governance Framework Design,8,2025-03-01,2025-03-10,T005,EO Engineer,Not Started,0%,No,Medium,Design policies and governance structure,detailed-design.md
Phase 2: Foundation Setup,T009,Azure AD Tenant Configuration,7,2025-03-10,2025-03-18,T005 T007,EO Engineer,Not Started,0%,Yes,High,Configure tenant settings and conditional access,N/A
Phase 2: Foundation Setup,T010,Management Group Hierarchy Deployment,5,2025-03-11,2025-03-17,T005,EO Engineer,Not Started,0%,Yes,Medium,Deploy management group structure,implementation-guide.md
Phase 2: Foundation Setup,T011,Azure Policy Framework Deployment,8,2025-03-18,2025-03-27,T008 T010,EO Engineer,Not Started,0%,Yes,High,Deploy enterprise policies and initiatives,implementation-guide.md
Phase 2: Foundation Setup,T012,RBAC and Access Control Configuration,6,2025-03-19,2025-03-26,T009,EO Engineer,Not Started,0%,No,High,Configure role-based access controls,N/A
Phase 2: Foundation Setup,T013,Subscription Provisioning and Organization,5,2025-03-17,2025-03-23,T010,EO Engineer,Not Started,0%,No,Medium,Create and organize platform subscriptions,N/A
Phase 2: Foundation Setup,T014,Billing and Cost Management Setup,4,2025-03-24,2025-03-27,T013,EO Engineer,Not Started,0%,No,Low,Configure budgets and cost allocation,N/A
Phase 3: Platform Services,T015,Identity Platform Deployment,10,2025-03-28,2025-04-10,T009 T011,EO Engineer,Not Started,0%,Yes,High,Deploy identity infrastructure and services,implementation-guide.md
Phase 3: Platform Services,T016,Management Platform Deployment,8,2025-03-28,2025-04-07,T011 T013,EO Engineer,Not Started,0%,Yes,Medium,Deploy monitoring and management services,implementation-guide.md
Phase 3: Platform Services,T017,Hub Network Infrastructure Deployment,12,2025-04-01,2025-04-16,T006 T011,EO Engineer,Not Started,0%,Yes,High,Deploy hub VNet and core network services,implementation-guide.md
Phase 3: Platform Services,T018,Azure Firewall Configuration,6,2025-04-17,2025-04-24,T017,EO Engineer,Not Started,0%,Yes,High,Configure firewall rules and policies,N/A
Phase 3: Platform Services,T019,VPN Gateway and Connectivity Setup,8,2025-04-17,2025-04-28,T017,EO Engineer,Not Started,0%,No,Medium,Configure site-to-site VPN connectivity,N/A
Phase 3: Platform Services,T020,Key Vault and Secrets Management,5,2025-04-08,2025-04-14,T015,EO Engineer,Not Started,0%,No,High,Deploy enterprise key management,N/A
Phase 3: Platform Services,T021,Backup and Recovery Services,6,2025-04-08,2025-04-15,T016,EO Engineer,Not Started,0%,No,Medium,Configure backup policies and procedures,N/A
Phase 4: Security Implementation,T022,Security Center and Defender Configuration,7,2025-04-25,2025-05-03,T018 T020,EO Engineer,Not Started,0%,Yes,High,Enable advanced threat protection,N/A
Phase 4: Security Implementation,T023,Azure Sentinel Deployment,10,2025-04-29,2025-05-12,T016 T022,EO Engineer,Not Started,0%,No,High,Deploy SIEM and security analytics,implementation-guide.md
Phase 4: Security Implementation,T024,Compliance and Governance Validation,8,2025-05-04,2025-05-13,T011 T022,EO Engineer,Not Started,0%,No,Medium,Validate regulatory compliance,N/A
Phase 4: Security Implementation,T025,Security Testing and Validation,10,2025-05-06,2025-05-19,T022 T023,EO Engineer,Not Started,0%,No,High,Penetration testing and vulnerability assessment,test-plan.csv
Phase 5: Landing Zone Deployment,T026,Corporate Landing Zone Template,8,2025-05-14,2025-05-23,T017 T022,EO Engineer,Not Started,0%,Yes,Medium,Deploy corporate workload landing zone,N/A
Phase 5: Landing Zone Deployment,T027,Online Landing Zone Template,10,2025-05-14,2025-05-27,T017 T022,EO Engineer,Not Started,0%,Yes,Medium,Deploy internet-facing landing zone,N/A
Phase 5: Landing Zone Deployment,T028,Spoke Network Connectivity,12,2025-05-24,2025-06-08,T026 T027,EO Engineer,Not Started,0%,Yes,Medium,Configure spoke VNet connectivity,N/A
Phase 5: Landing Zone Deployment,T029,Application Security Controls,8,2025-05-28,2025-06-06,T027,EO Engineer,Not Started,0%,No,High,Configure application-layer security,N/A
Phase 5: Landing Zone Deployment,T030,Landing Zone Testing and Validation,10,2025-06-09,2025-06-22,T028 T029,EO Engineer,Not Started,0%,Yes,Medium,End-to-end testing of landing zones,test-plan.csv
Phase 6: Monitoring and Operations,T031,Monitoring and Alerting Configuration,8,2025-06-16,2025-06-25,T016 T030,EO Engineer,Not Started,0%,No,Medium,Configure comprehensive monitoring,N/A
Phase 6: Monitoring and Operations,T032,Log Analytics and Reporting Setup,6,2025-06-16,2025-06-23,T016,EO Engineer,Not Started,0%,No,Low,Configure log analytics and dashboards,N/A
Phase 6: Monitoring and Operations,T033,Automation and Runbook Development,10,2025-06-24,2025-07-07,T031,EO Engineer,Not Started,0%,No,Medium,Develop operational automation,N/A
Phase 6: Monitoring and Operations,T034,Disaster Recovery Testing,8,2025-06-26,2025-07-07,T021 T030,EO Engineer,Not Started,0%,No,High,Test backup and recovery procedures,test-plan.csv
Phase 6: Monitoring and Operations,T035,Performance Optimization,7,2025-07-08,2025-07-16,T030 T031,EO Engineer,Not Started,0%,No,Low,Optimize platform performance,N/A
Phase 7: Training and Handover,T036,Technical Documentation Completion,8,2025-07-08,2025-07-17,T033,EO Engineer,Not Started,0%,No,Low,Complete all technical documentation,implementation-guide.md,troubleshooting.md
Phase 7: Training and Handover,T037,Operations Team Training,10,2025-07-17,2025-07-30,T033 T036,EO Engineer,Not Started,0%,Yes,Medium,Train operations and support teams,training-plan.csv
Phase 7: Training and Handover,T038,User Training and Onboarding,12,2025-07-18,2025-08-04,T036,EO Engineer,Not Started,0%,No,Low,Train end users and administrators,training-plan.csv
Phase 7: Training and Handover,T039,Go-Live Readiness Assessment,5,2025-07-31,2025-08-06,T037,EO Project Manager,Not Started,0%,Yes,Medium,Final readiness assessment,N/A
Phase 7: Training and Handover,T040,Production Deployment,3,2025-08-07,2025-08-11,T039,EO Engineer,Not Started,0%,Yes,High,Execute production go-live,implementation-guide.md
Phase 8: Post-Implementation,T041,Hypercare and Support Period,30,2025-08-12,2025-09-22,T040,EO Engineer,Not Started,0%,No,Medium,Intensive support post go-live,N/A
Phase 8: Post-Implementation,T042,Performance Monitoring and Optimization,14,2025-08-12,2025-08-29,T040,EO Engineer,Not Started,0%,No,Low,Monitor and optimize performance,N/A
Phase 8: Post-Implementation,T043,User Feedback Collection and Analysis,21,2025-08-12,2025-09-09,T040,EO Sales Engineer,Not Started,0%,No,Low,Collect and analyze user feedback,requirements-specification.csv
Phase 8: Post-Implementation,T044,Lessons Learned and Knowledge Transfer,7,2025-09-23,2025-10-01,T041,EO Project Manager,Not Started,0%,No,Low,Document lessons learned,communication-plan.csv
Phase 8: Post-Implementation,T045,Project Closure and Handover,5,2025-10-02,2025-10-08,T044,EO Engineer,Not Started,0%,No,Low,Formal project closure,project-plan.csv
