Communication Type,Audience,Frequency,Channel,Responsible Party,Content,Purpose,Success Metrics
Executive Updates,C-Level Leadership,Weekly,Executive Dashboard,"Project Manager, CTO",Project status and KPIs,Strategic oversight and decision making,90% executive engagement rate
Steering Committee Meeting,Project Steering Committee,Bi-weekly,Conference Room + Virtual,Project Manager,Progress review and issue escalation,Governance and strategic direction,100% attendance for critical decisions
Technical Status Report,IT Leadership Team,Weekly,Email + Project Portal,Technical Lead,Infrastructure status and performance metrics,Technical oversight and resource planning,95% report review completion
Creative Team Standup,3D Artists and Designers,Daily,Omniverse Platform,Creative Director,Daily workflow coordination and blocking issues,Operational efficiency and collaboration,Daily participation tracking
User Training Sessions,End Users by Department,Weekly during rollout,Training Center + Virtual,Training Coordinator,Skills development and platform adoption,User competency and adoption,85% training completion rate
Support Ticket Updates,All Platform Users,Real-time,Help Desk System,Support Team,Issue resolution and status updates,User satisfaction and productivity,<4 hour response time
Performance Reports,Operations Team,Daily,Monitoring Dashboard,Systems Administrator,Platform performance and usage analytics,Proactive issue identification,99.5% uptime target
Security Briefings,Security Team,Weekly,Secure Conference Room,Security Officer,Security posture and compliance status,Risk management and compliance,100% security review completion
Vendor Coordination,NVIDIA Support Team,As needed,Dedicated Channel,Technical Lead,Technical issues and feature requests,Vendor relationship and support,24-hour vendor response time
Change Advisory Board,Change Management Team,Bi-weekly,CAB Meeting Room,Change Manager,Change requests and impact assessment,Change control and risk mitigation,All changes properly evaluated
User Feedback Sessions,Power Users and Champions,Monthly,Focus Group Rooms,User Experience Lead,Platform feedback and improvement suggestions,Continuous improvement and adoption,Monthly feedback collection
Department Liaison Updates,Department Representatives,Weekly,Department Meetings,Project Coordinator,Department-specific updates and requirements,Departmental alignment and support,100% department representation
Quality Assurance Reports,QA Team,Bi-weekly,QA Portal,QA Manager,Testing results and quality metrics,Quality control and defect management,Zero critical defects in production
Budget Review Meetings,Finance Team,Monthly,Finance Conference Room,Project Manager,Financial status and budget tracking,Financial oversight and cost control,On-budget delivery tracking
Risk Assessment Updates,Risk Management Team,Weekly,Risk Management Portal,Risk Manager,Risk register updates and mitigation status,Risk identification and management,95% risk mitigation completion
Partner Coordination,External Integration Partners,Bi-weekly,Partner Portal,Integration Lead,Integration status and collaboration needs,Partner relationship and delivery,Partner deliverable tracking
Compliance Reviews,Compliance Team,Monthly,Compliance Meeting Room,Compliance Officer,Regulatory compliance and audit status,Regulatory adherence and documentation,100% compliance requirement met
All-Hands Updates,Entire Organization,Monthly,Town Hall + Webcast,Executive Sponsor,Organization-wide progress and achievements,Organizational awareness and engagement,75% employee participation
Success Story Communications,All Stakeholders,Quarterly,Internal Newsletter + Portal,Communications Lead,Project wins and user success stories,Momentum building and recognition,Quarterly story publication
Knowledge Transfer Sessions,Future Support Team,Weekly during transition,Training Rooms,Subject Matter Experts,Operational procedures and troubleshooting,Knowledge retention and continuity,100% procedure documentation
Business Value Reports,Business Stakeholders,Monthly,Executive Reports,Business Analyst,ROI metrics and business impact analysis,Value demonstration and justification,Monthly value tracking
Innovation Showcases,Creative Community,Quarterly,Innovation Lab,Innovation Lead,New techniques and creative possibilities,Innovation adoption and exploration,Quarterly showcase events
Customer Success Stories,External Clients,Quarterly,Marketing Channels,Marketing Team,Client outcomes and platform benefits,External validation and case studies,Quarterly case study publication