Task ID,Task Name,Phase,Start Date,End Date,Duration (Days),Predecessor,Assigned To,Status,Priority,Dependencies,Deliverables,Success Criteria
1,Project Initiation and Planning,Planning,2024-01-15,2024-02-15,31,,Project Manager,Completed,High,,Project Charter and Initial Planning Documents,Executive approval and resource allocation
2,Requirements Gathering and Analysis,Planning,2024-01-22,2024-02-22,31,1,Business Analyst,Completed,High,Stakeholder availability,Requirements specification document,95% stakeholder requirement coverage
3,Infrastructure Assessment and Design,Planning,2024-02-01,2024-03-01,29,1,Solutions Architect,Completed,High,Current infrastructure audit,Technical architecture document,Infrastructure capacity validation
4,Hardware Procurement and Setup,Implementation,2024-02-15,2024-04-15,60,3,IT Hardware Team,Completed,High,Budget approval and vendor selection,RTX A6000 workstations and Nucleus servers,Hardware performance benchmarks met
5,Network Infrastructure Upgrade,Implementation,2024-02-22,2024-04-22,60,3,Network Engineering Team,Completed,High,Network downtime coordination,10Gbps backbone and QoS configuration,Network performance targets achieved
6,Omniverse Nucleus Server Installation,Implementation,2024-03-15,2024-04-30,46,4,Systems Administration Team,Completed,High,Hardware availability,Production Nucleus server cluster,Server cluster operational and tested
7,Storage System Implementation,Implementation,2024-03-22,2024-05-15,54,4,Storage Team,Completed,High,Storage hardware delivery,500TB high-performance shared storage,Storage performance and redundancy validated
8,Security Framework Implementation,Implementation,2024-04-01,2024-05-30,59,6,Security Team,Completed,High,Security policy approval,Enterprise security controls and monitoring,Security audit passed
9,Omniverse Client Software Deployment,Implementation,2024-04-15,2024-06-15,61,6,Software Deployment Team,Completed,Medium,Client hardware readiness,Omniverse software on all workstations,Software installation and licensing verified
10,Maya Connector Integration,Implementation,2024-05-01,2024-06-30,60,9,Integration Team,Completed,High,Maya license availability,Maya-Omniverse workflow integration,150 seats successfully integrated
11,3ds Max Connector Integration,Implementation,2024-05-15,2024-07-15,61,9,Integration Team,Completed,High,3ds Max license availability,3ds Max-Omniverse workflow integration,75 seats successfully integrated
12,Blender Integration Setup,Implementation,2024-06-01,2024-07-30,59,9,Integration Team,Completed,Medium,Blender deployment completion,Blender-Omniverse workflow integration,50 seats successfully integrated
13,Substance Designer Integration,Implementation,2024-06-15,2024-08-15,61,9,Integration Team,Completed,Medium,Substance Designer licenses,Material authoring workflow integration,25 seats successfully integrated
14,CAD Application Integration,Implementation,2024-07-01,2024-08-30,60,9,Integration Team,Completed,Medium,CAD software availability,SolidWorks and Fusion 360 integration,CAD workflow validation completed
15,User Account Provisioning,Implementation,2024-05-15,2024-07-15,61,8,Identity Management Team,Completed,High,Active Directory integration,300+ user accounts with role-based access,Account provisioning and access validation
16,Pilot Group Testing,Testing,2024-06-01,2024-07-31,60,10,QA Team,Completed,High,Pilot user availability,Pilot testing results and feedback,Pilot success criteria met
17,Performance Optimization,Testing,2024-07-01,2024-08-31,61,16,Performance Engineering Team,Completed,High,Baseline performance metrics,Performance tuning and optimization,Performance targets achieved
18,Security Testing and Validation,Testing,2024-07-15,2024-09-15,62,8,Security Testing Team,Completed,High,Security framework completion,Security validation and penetration testing,Security requirements validated
19,Integration Testing,Testing,2024-08-01,2024-09-30,60,11,QA Team,Completed,High,All integrations completed,End-to-end workflow testing,Integration workflows validated
20,User Acceptance Testing,Testing,2024-08-15,2024-10-15,61,17,UAT Team,Completed,High,User readiness,User acceptance criteria validation,95% user acceptance achieved
21,Training Material Development,Training,2024-07-01,2024-09-30,91,16,Training Development Team,Completed,Medium,Platform functionality finalized,Comprehensive training curriculum,Training materials quality approved
22,Executive and Leadership Training,Training,2024-09-01,2024-10-15,44,21,Training Team,Completed,High,Executive availability,Leadership onboarding and strategic overview,100% executive training completion
23,Power User Training Program,Training,2024-09-15,2024-11-30,76,21,Training Team,Completed,High,Power user identification,Advanced user training and certification,95% power user certification
24,General User Training Rollout,Training,2024-10-01,2024-12-31,91,22,Training Team,Completed,Medium,Training infrastructure ready,Organization-wide user training,85% general user training completion
25,Production Deployment Preparation,Deployment,2024-10-15,2024-11-30,46,20,Deployment Team,Completed,High,UAT completion,Production environment readiness,Production deployment checklist completed
26,Production Go-Live,Deployment,2024-12-01,2024-12-15,14,25,Project Manager,Completed,Critical,All preparations completed,Live production environment,Successful production launch
27,Post-Deployment Monitoring,Deployment,2024-12-01,2025-01-31,61,26,Operations Team,In Progress,High,Production deployment,System monitoring and issue resolution,99.5% uptime target achieved
28,Hypercare Support Period,Support,2024-12-01,2025-02-28,89,26,Support Team,In Progress,High,Production deployment,Intensive user support and issue resolution,User satisfaction targets met
29,Knowledge Transfer to Operations,Transition,2024-12-15,2025-02-15,62,26,Knowledge Transfer Team,In Progress,Medium,Hypercare period start,Operational procedures and documentation,100% knowledge transfer completion
30,Project Closeout and Documentation,Closeout,2025-01-15,2025-03-15,59,28,Project Manager,Planned,Medium,Hypercare completion,Final project documentation and lessons learned,Project closure approval received
31,Success Metrics Analysis,Closeout,2025-02-01,2025-03-31,58,27,Business Analyst,Planned,Medium,Monitoring data availability,ROI analysis and success measurement,Success metrics documented and validated
32,Future Roadmap Planning,Planning,2025-02-15,2025-04-15,59,30,Strategic Planning Team,Planned,Medium,Project completion,Future enhancement and expansion planning,Roadmap approval and resource allocation