Communication Type,Audience,Frequency,Channel,Responsible Party,Content,Format,Success Metrics
"Project Kickoff",All Stakeholders,One-time,Enterprise Forum,Project Manager,"OpenShift strategy, container transformation roadmap, timeline, team roles",Presentation and Q&A,100% stakeholder attendance
"Sprint Reviews",Development Teams,Bi-weekly,Agile Ceremonies,Scrum Master,"Sprint progress, application migrations, container development, blockers",Sprint demo and retrospective,95% team engagement
"Executive Dashboard",C-Level Executives,Weekly,Executive Portal,Program Manager,"Platform adoption, migration progress, cost savings, risk status",Executive dashboard,Executive satisfaction >4.0
"Architecture Reviews",Technical Leads,Weekly,Architecture Committee,Solution Architect,"Container designs, microservices patterns, integration architecture, security",Technical documentation,Architecture approval <24 hours
"Red Hat Collaboration",Red Hat Partners,Monthly,Partner Meetings,Technical Lead,"Platform optimization, roadmap alignment, support escalations, best practices",Partnership review,Partner satisfaction >95%
"Development Teams",Engineering Teams,Daily,DevOps Channels,Platform Engineer,"Platform capabilities, CI/CD pipelines, deployment automation, troubleshooting",Technical standups,Knowledge transfer >90%
"Security Reviews",Security Team,Weekly,Security Committee,Security Architect,"Container security, policy enforcement, vulnerability assessments, compliance",Security briefing,Security posture >98%
"Application Migration",Product Teams,Bi-weekly,Migration Reviews,Migration Lead,"Migration progress, containerization status, testing results, go-live planning",Migration dashboard,Migration success rate >95%
"User Training",End Users,Ongoing,Learning Platform,Training Manager,"OpenShift skills, container development, CI/CD practices, troubleshooting",Hands-on training,Certification rate >85%
"Platform Operations",Operations Team,Daily,Operations Channel,Platform Administrator,"Cluster health, performance metrics, incidents, maintenance activities",Operations dashboard,SLA compliance >99.9%
"Change Communications",All Users,As needed,Platform Notifications,Change Manager,"Platform updates, new features, maintenance windows, policy changes",Notification system,User awareness >95%
"Cost Management",Finance Team,Monthly,Financial Reviews,FinOps Manager,"Cost analysis, resource utilization, optimization opportunities, ROI metrics",Financial dashboard,Budget variance <5%
"Container Development",Developer Community,Weekly,Developer Forums,Developer Advocate,"Best practices, troubleshooting, new features, community contributions",Developer portal,Community engagement >80%
"Vendor Management",Procurement Team,Quarterly,Vendor Reviews,Vendor Manager,"License management, support performance, renewal planning, cost optimization",Vendor scorecard,Vendor performance >95%
"Risk Management",Risk Committee,Monthly,Risk Reviews,Risk Manager,"Risk assessments, mitigation strategies, incident analysis, control effectiveness",Risk dashboard,Risk score <Medium
"Business Value",Business Sponsors,Quarterly,Business Reviews,Business Analyst,"Value realization, productivity metrics, cost savings, strategic alignment",Business value report,Value target achievement >90%
"Technical Deep Dives",Engineering Community,Bi-weekly,Tech Talks,Subject Matter Expert,"Advanced patterns, troubleshooting, optimization techniques, emerging practices",Technical sessions,Knowledge sharing >85%
"Compliance Audits",Audit Team,Quarterly,Audit Sessions,Compliance Manager,"Control testing, evidence collection, compliance validation, remediation plans",Audit documentation,Audit findings <3 per quarter
"Innovation Showcase",Innovation Teams,Monthly,Innovation Labs,Innovation Lead,"New capabilities, experimental features, proof of concepts, technology trends",Innovation demos,Innovation adoption >70%
"Customer Success",Business Users,Quarterly,Success Reviews,Customer Success Manager,"Usage analytics, success metrics, improvement opportunities, expansion plans",Success scorecard,Customer satisfaction >4.5
"Incident Management",All Stakeholders,As needed,Incident Bridge,Incident Commander,"Incident status, impact assessment, resolution progress, preventive measures",Incident portal,Resolution time <SLA
"Knowledge Sharing",Technical Community,Monthly,Knowledge Base,Knowledge Manager,"Best practices, lessons learned, troubleshooting guides, container patterns",Knowledge articles,Knowledge base usage >85%