Communication ID,Communication Type,Audience,Purpose,Frequency,Format,Owner,Distribution Method,Meeting Duration,Agenda Topics,Key Stakeholders,Escalation Level,Success Metrics,Status,Next Scheduled,Notes
COMM-001,Executive Status Report,Executive Sponsors,AI network analytics project status and intelligence transformation progress,Weekly,Email Report,EO Project Manager,Email distribution list,N/A,"""AI model performance, network insights, anomaly detection results, key decisions""",EO Quarterback and IT Director,Executive,Report delivered on time and strategic decisions made,Active,[DATE],Include AI accuracy metrics and operational impact
COMM-002,AI Analytics Steering Committee,Project Steering Committee,Strategic direction for AI-driven network operations implementation,Bi-weekly,In-Person Meeting,EO Project Manager,Meeting invitation,60 minutes,"""AI strategy, model performance, network insights, budget, timeline""",EO Quarterback and Department Heads,Strategic,Meeting attendance >80% and critical decisions documented,Active,[DATE],Decision authority for AI model requirements
COMM-003,Development Team Standup,Core AI Analytics Team,Daily coordination for AI model development and platform deployment,Daily,Virtual Meeting,EO Quarterback,Video conference,15 minutes,"""Model training progress, data ingestion status, platform integration""",Development Team and Data Scientists,Operational,Daily attendance >90% and technical blockers resolved,Active,[DATE],Focus on AI model development and data pipeline
COMM-004,AI Architecture Review,Technical and Data Science Teams,AI model architecture and network analytics optimization,Weekly,Technical Meeting,EO Quarterback,Meeting invitation,90 minutes,"""Model architecture, training data quality, anomaly detection accuracy""",EO Sales Engineer (Solution Architecture) and Data Scientists,Technical,AI decisions documented and performance targets achieved,Active,[DATE],Include model validation and network analytics results
COMM-005,Network Analytics Risk Review,Risk Management Team,AI model risks and network monitoring performance,Bi-weekly,Risk Meeting,EO Quarterback,Meeting invitation,45 minutes,"""Model accuracy risks, false positive rates, network blind spots""",EO Project Manager and EO Delivery Engineer (Technical Leadership),Management,Risk register updated and AI-specific mitigations tracked,Active,[DATE],Focus on AI operational risks and model reliability
COMM-006,Network Operations Feedback,Network Engineers and Operations,AI insights validation and network analytics feedback,Weekly,Workshop Session,EO Sales Engineer,Workshop invitation,120 minutes,"""Anomaly detection accuracy, insights relevance, operational workflow""",Network Operations Team and NOC Engineers,Business,User sign-off on AI insights accuracy and operational value,Active,[DATE],Include hands-on testing of analytics platform
COMM-007,AI Model Sprint Review,AI Development Team,Model training progress and analytics demonstrations,Bi-weekly,Demo Meeting,EO Quarterback,Video conference,60 minutes,"""Model training results, anomaly detection demos, performance metrics""",Data Science Team and Product Owner,Team,Model accuracy goals achieved and feedback incorporated,Active,[DATE],Live demonstration of network anomaly detection
COMM-008,Cisco Platform Coordination,Cisco Technical Teams,Cisco AI platform optimization and integration coordination,Weekly,Technical Call,EO Engineer,Conference call,45 minutes,"""Platform performance, model deployment, integration optimization""",Cisco Technical Team and EO Sales Engineer (Solution Architecture),Technical,Cisco platform performance targets met and issues resolved,Active,[DATE],Track platform SLAs and optimization opportunities
COMM-009,Data Quality Review,Data Engineering and Network Teams,Network data quality and AI model input validation,Weekly,Quality Meeting,EO Quarterback,Meeting invitation,45 minutes,"""Data collection quality, telemetry validation, model input accuracy""",Data Engineers and Network SMEs,Quality,Data quality gates met and model inputs validated,Active,[DATE],Include network telemetry analysis and data validation
COMM-010,Change Control Board,Change Control Board,AI model updates and network analytics modifications,As Needed,Change Meeting,EO Engineer,Meeting invitation,60 minutes,"""Model updates, detection rules, platform configuration changes""",Change Control Board Members,Governance,Change requests processed within SLA and impact assessed,Active,[DATE],Include AI model versioning and rollback procedures
COMM-011,User Training Update,Training and Network Operations Teams,AI platform training progress and adoption readiness,Bi-weekly,Training Call,EO Engineer,Conference call,30 minutes,"""Training material development, user competency, platform adoption""",Training Team and Network Managers,Operational,Training materials ready and user competency validated,Active,[DATE],Include hands-on AI platform training sessions
COMM-012,Security and Compliance Review,Security and Network Teams,AI platform security and network data protection,Monthly,Security Meeting,EO Quarterback,Meeting invitation,60 minutes,"""Data protection, model security, compliance validation, access controls""",Security Team and Compliance Officer,Security,Security requirements met and compliance validated,Active,[DATE],Include network data security and AI model protection
COMM-013,Platform Infrastructure Update,Infrastructure and DevOps Teams,AI platform infrastructure performance and scaling,Weekly,Infrastructure Call,EO Engineer,Conference call,30 minutes,"""Platform performance, resource utilization, scaling requirements""",Infrastructure Team and Platform Engineers,Technical,Infrastructure performance targets met and scaling optimized,Active,[DATE],Include compute resource monitoring and optimization
COMM-014,Business Value Assessment,Business Stakeholders,Network performance improvements and operational benefits,Bi-weekly,Business Meeting,EO Quarterback,Meeting invitation,45 minutes,"""Network reliability improvements, operational efficiency, cost benefits""",Business Managers and Network Directors,Business,Business value criteria met and benefits quantified,Active,[DATE],Include network uptime improvements and cost savings
COMM-015,Go-Live Preparation,Go-Live Coordination Team,Production deployment and AI platform go-live readiness,Daily (2 weeks before),Go-Live Meeting,EO Project Manager,Video conference,30 minutes,"""Deployment checklist, production readiness, monitoring procedures""",All Team Leads and Operations Manager,Critical,Go-live criteria met and AI platform deployment ready,Planned,[DATE],Intensive coordination for AI platform production deployment
COMM-016,Post-Implementation Review,Project and Operations Teams,AI platform performance review and optimization opportunities,Monthly (3 months),Review Meeting,EO Quarterback,Meeting invitation,90 minutes,"""Model accuracy trends, operational efficiency, enhancement opportunities""",Core Project Team and Business Stakeholders,Review,Performance improvements identified and AI roadmap created,Planned,[DATE],Include model drift analysis and continuous improvement
COMM-017,Critical Issue Escalation,Emergency Response Team,Critical AI platform failures and network monitoring issues,As Needed,Emergency Call,EO Sales Engineer,Emergency notification,Variable,"""Platform failures, model accuracy degradation, monitoring outages""",Incident Response Team and Management,Emergency,Critical issues resolved within SLA and service restored,Active,[DATE],Include AI platform emergency procedures
COMM-018,Stakeholder Briefing,All Project Stakeholders,General AI analytics project updates and network intelligence progress,Monthly,All-Hands Meeting,EO Project Manager,Town hall meeting,45 minutes,"""AI implementation progress, network insights, operational improvements""",All Project Stakeholders,Informational,Stakeholder engagement maintained and AI value communicated,Active,[DATE],Include AI achievements and network intelligence success stories
COMM-019,Technical Deep Dive,Technical and Data Science Teams,AI technical knowledge sharing and network analytics optimization,As Needed,Technical Session,EO Quarterback,Meeting invitation,90 minutes,"""Model architecture challenges, training optimization, analytics solutions""",Technical Team Members and Data Scientists,Technical,Technical challenges resolved and AI knowledge shared,Active,[DATE],Include AI best practices and model optimization guides
COMM-020,Client Update Call,External Client,Client AI analytics progress and network intelligence value,Bi-weekly,Client Call,EO Project Manager,Client meeting,45 minutes,"""AI implementation progress, network insights, operational value""",Client Stakeholders and Account Manager,Client,Client satisfaction maintained and AI value proposition communicated,Active,[DATE],Professional communication with clear AI business value
COMM-021,Model Performance Review,Data Science and Operations,AI model accuracy monitoring and retraining planning,Weekly,Performance Meeting,EO Quarterback,Video conference,45 minutes,"""Accuracy trends, model drift detection, retraining requirements""",Data Scientists and Operations Team,Technical,Model performance maintained above thresholds and drift detected,Active,[DATE],Include model monitoring dashboards and training schedules
COMM-022,Network Intelligence Review,Network and Business Teams,Network insights and analytics value assessment,Bi-weekly,Intelligence Meeting,EO Quarterback,Meeting invitation,60 minutes,"""Network insights quality, operational impact, analytics effectiveness""",Network SMEs and Business Analysts,Business,Analytics value validated and insights actionable,Active,[DATE],Include network intelligence examples and operational improvements
COMM-023,Integration Status Review,Integration and Platform Teams,AI platform integration with network tools and systems,Weekly,Integration Meeting,EO Engineer,Meeting invitation,45 minutes,"""Integration health, API performance, data flow validation""",Integration Team and Platform Engineers,Technical,Integration performance targets met and data flows validated,Active,[DATE],Include ITSM integration and automation workflows
COMM-024,Anomaly Detection Review,Detection and Response Teams,Anomaly detection accuracy and response effectiveness,Weekly,Detection Meeting,EO Project Manager,Meeting invitation,30 minutes,"""Detection accuracy, false positive rates, response effectiveness""",Detection Team and Network Operations,Operational,Detection targets met and response effectiveness validated,Active,[DATE],Include anomaly examples and response time analysis