Communication Type,Audience,Frequency,Channel,Responsible Party,Content,Format,Success Metrics
"Project Kickoff",All Stakeholders,One-time,Security Summit,Project Manager,"Juniper SRX strategy, network security transformation, threat protection objectives",Presentation and Q&A,100% stakeholder attendance
"Security Updates",Security Team,Daily,Security Operations Center,Security Manager,"Threat intelligence, incident status, policy updates, security metrics",Security briefing,Security team readiness >95%
"Executive Dashboard",Leadership Team,Weekly,Executive Portal,Security Program Manager,"Security posture, threat landscape, compliance status, risk metrics",Executive dashboard,Leadership confidence >4.5
"Technical Reviews",Network Engineers,Weekly,Technical Committee,Network Architect,"Firewall performance, policy optimization, integration status, capacity planning",Technical documentation,Technical effectiveness >95%
"Juniper Partnership",Juniper Teams,Monthly,Partner Meetings,Partnership Manager,"Platform optimization, threat intelligence, support escalations, roadmap alignment",Partnership review,Partner satisfaction >95%
"Network Operations",NOC Team,24/7,Operations Center,NOC Manager,"Network performance, firewall status, traffic analysis, incident response",Operations dashboard,Network uptime >99.99%
"Compliance Reviews",Compliance Team,Monthly,Compliance Committee,Compliance Officer,"Regulatory compliance, audit preparation, policy adherence, control effectiveness",Compliance briefing,Compliance score >99%
"Threat Intelligence",Security Analysts,Daily,Threat Center,Threat Analyst,"Threat landscape, attack patterns, IOCs, defensive measures",Threat intelligence briefing,Threat detection rate >99%
"Incident Response",CSIRT Team,As needed,Incident Bridge,Incident Commander,"Security incidents, containment status, investigation progress, remediation plans",Incident response,Response time <5 minutes
"Policy Management",Security Administrators,Weekly,Policy Committee,Policy Manager,"Security policies, rule optimization, change requests, approval workflows",Policy briefing,Policy compliance >99.8%
"Performance Analytics",Performance Team,Weekly,Performance Reviews,Performance Analyst,"Firewall performance, throughput metrics, latency analysis, optimization opportunities",Performance dashboard,Performance targets >95%
"Training Programs",Security Personnel,Monthly,Training Center,Training Manager,"Juniper security training, threat response, policy management, certification programs",Hands-on training,Certification rate >85%
"Vendor Coordination",Procurement Team,Quarterly,Vendor Reviews,Vendor Manager,"Platform performance, support quality, contract optimization, strategic planning",Vendor scorecard,Vendor performance >95%
"Risk Management",Risk Committee,Monthly,Risk Reviews,Risk Manager,"Security risks, threat assessments, vulnerability management, mitigation strategies",Risk dashboard,Risk score <Medium
"Audit Communications",Audit Team,Quarterly,Audit Sessions,Audit Manager,"Security controls, evidence collection, compliance validation, findings remediation",Audit documentation,Audit findings <2 per quarter
"Business Continuity",Continuity Team,Quarterly,BC Reviews,BC Manager,"Security resilience, recovery capabilities, business impact, continuity planning",Continuity dashboard,Recovery readiness >99%
"User Communications",End Users,Monthly,User Forums,User Coordinator,"Security awareness, policy updates, threat alerts, best practices",Security awareness,User compliance >95%
"Integration Updates",Integration Team,Bi-weekly,Integration Reviews,Integration Manager,"SIEM integration, API performance, tool connectivity, automation status",Integration briefing,Integration uptime >99%
"Change Management",Change Board,Weekly,CAB Meetings,Change Manager,"Security changes, risk assessments, approval workflows, impact analysis",Change documentation,Change success rate >98%
"Monitoring Excellence",Monitoring Team,24/7,Monitoring Center,Monitoring Manager,"Security monitoring, alert management, correlation analysis, trend identification",Monitoring dashboard,Alert accuracy >95%
"Customer Impact",Business Teams,Monthly,Business Reviews,Business Security Manager,"Security services, business protection, threat mitigation, security value",Business metrics,Business confidence >4.5
"Knowledge Management",Security Community,Bi-weekly,Knowledge Forums,Knowledge Manager,"Security knowledge, lessons learned, best practices, threat intelligence sharing",Knowledge sessions,Knowledge utilization >85%