Role_Name,Role_Category,Primary_Responsibilities,Required_Skills,Experience_Level,Certification_Requirements,Team_Size,Key_Deliverables
Solution Architect,Architecture,Technical architecture and design,Enterprise architecture solution design,Senior,Relevant certification preferred,1,Technical architecture documents
Implementation Engineer,Implementation,Solution deployment and configuration,System administration deployment,Mid-Senior,Technical certification,2-3,Deployed solution
Operations Engineer,Operations,Ongoing operations and maintenance,System operations monitoring,Mid-Level,Operations certification,2,Operational procedures
Quality Assurance,Quality,Testing and validation,Testing methodologies quality assurance,Mid-Level,QA certification,1-2,Test results and validation
Project Manager,Management,Project coordination and management,Project management coordination,Senior,PMP or similar,1,Project deliverables
